id,name,created,creator,is_archived,is_general,members,pins,topic,purpose
C0ZCSJTC5,chat,1460253148,U0ZCWRFG9,False,False,"['UKA415K3N', 'U015X3X6879', 'U016AEMQBNH', 'U0171LXH940', 'U0171LYGQ2U', 'U01ADTASMMZ', 'U022G387QE9', 'U022G38TVBP', 'U022G39K87P', 'U022KBV79MH', 'U022RACMF9S', 'U023GGYV37G', 'U023PGS313M', 'U025VQHBG2K', 'U026AGC0FDY', 'U026ANC3WH1', 'U0270795M40', 'U028XC1LEN6', 'U03L4GLKLTZ', 'U03L4GN325D', 'U03L4GP8ZMM', 'U03L4GPCL5V', 'U03L4GQK4KZ', 'U03L4GSNM7Z', 'U03L4GT3B55', 'U03L4GUGBF1', 'U03L4HB0BM5', 'U03L57R4HN3', 'U03LCGM9XML', 'U03LCGQ9L6S', 'U03LCGQCM2S', 'U03LCGQP0LW', 'U03LCGSATRU', 'U03LG75NYSZ', 'U03LG763EKF', 'U03LG776WFP', 'U03LG779KGD', 'U03LG78FBEZ', 'U03LG7BV35K', 'U03LG7C5QAH', 'U03LG7C9P8V', 'U03LG7DG3TP', 'U03LG7DNSUV', 'U03LGTR0KV3', 'U03LK385119', 'U03LK39EPB5', 'U03LK39LQ2F', 'U03LK39PKRR', 'U03LK3AD1V1', 'U03LK3D5N2X', 'U03LK3EKMNF', 'U03LK4YBK7C', 'U03LK4YF3A6', 'U03LK4YJGQJ', 'U03LK4ZPZ4J', 'U03LK5045V0', 'U03LK5295DY', 'U03LK52CR7U', 'U03LK52VCQ2', 'U03LK533VR8', 'U03LK551XFU', 'U03LK56AUHG', 'U03LK56EXJN', 'U03LKPR602X', 'U03LKPR8N75', 'U03LKPRD403', 'U03LMGS73J8', 'U03LMGSGBQC', 'U03LMGTRFN0', 'U03LMGV8Y12', 'U03LMGX6W1J', 'U03LMGXA3FW', 'U03LMGXDFB6', 'U03LMGYLSR2', 'U03LN7V9M0U', 'U03LN7VEH2Q', 'U03LXQBTQJV', 'U03LXQCEVKK', 'U03LXQCJA81', 'U03LXQCM22D', 'U03LXQE14NM', 'U03LXQFQS3B', 'U03LXQFU5SM', 'U03LXQH03LZ', 'U03LXQH9QMP', 'U03LXQHD7T3', 'U03LXQLBGCR', 'U03LYFFN24R', 'U03LYFGDW8H', 'U03M8T51VUY', 'U03M8T6EJ8G', 'U03M8T6PC0G', 'U03M8T8358Q', 'U03M8T87HDE', 'U03M8T8B96C', 'U03M8T9G2GY', 'U03M8T9K6SU', 'U03M8TBLWTA', 'U03M8TCTA6L', 'U03M9J7V2RE', 'U03NPEEM6T0', 'U03NPEF1L78', 'U03NT59U8BF', 'U03NW11HA9H', 'U03NW11JH19', 'U03P8MY0DR7', 'U03PKR5881E', 'U03PKR5DAQY', 'U03PKR5GQUQ', 'U03QG4K7LUE', 'U03SRBYBAET', 'U03SRBYGAKZ', 'U03SZAWQBM4', 'U03TVL5E0M6', 'U03TVL5L37A', 'U03TVL5QZFA', 'U03UV6770V9', 'U042YP70MQW', 'U042YRPS3FY', 'U04999D8TFU', 'U04JNQ08QPM', 'U05A6GWHRF1', 'U05A7HC8FF1', 'U05A7HCQPDM', 'U05A7HD4XE3', 'U05A7HE11LP', 'U05A7HE2M8X', 'U05A7HE5MTR', 'U05A7HE9NG7', 'U05A7HEBCDV', 'U05A7HEQV71', 'U05A7HF1DJB', 'U05A7HFLX63', 'U05AFDRFJ3Y', 'U05AFDRH8AJ', 'U05AFDS264E', 'U05AFDSCK4N', 'U05AFDSJH70', 'U05AFDT9DQW', 'U05AFDTCW14', 'U05AFDTJEUW', 'U05AFDU25LN', 'U05AFDU878E', 'U05AK5FTUSZ', 'U05AK5GQJ5B', 'U05AK5HHLVB', 'U05AK5HTE77', 'U05AK5J04P7', 'U05AMVCFVU3', 'U05AMVCTLRZ', 'U05AMVCV3RR', 'U05AMVD19GT', 'U05AN0097RR', 'U05AN015NSX', 'U05AN01UD1R', 'U05AN02C0E7', 'U05AN3R7398', 'U05AN3RHCBC', 'U05AN3RPDFU', 'U05AN3SNYRY', 'U05AN3TCTSN', 'U05AQGH66G4', 'U05AQGJ30BE', 'U05AQGJMMT6', 'U05AQGJRCNQ', 'U05B0NF7Y57', 'U05B0NFJ1S5', 'U05B0NFQNHX', 'U05B0NFT057', 'U05B0NGPZTK', 'U05B0NHD3LZ', 'U05B0NHGDG9', 'U05BBQCRFU0', 'U05BBQD8SKS', 'U05BBQDA9K2', 'U05BBQDBU3S', 'U05BBQDD9DW', 'U05BBQDP59N', 'U05BBQEGSL8', 'U05BBQEJNTA', 'U05BBQFD4V6', 'U05BBQFJ056', 'U05BBQG6MKJ', 'U05BBQG8FTJ', 'U05BQNKAUSX', 'U05D1CFKBJT', 'U05D98WQKFG', 'U05D98WS6FQ', 'U05DD0QU5MK', 'U05DD0R0XHB', 'U05DD0R2J6R', 'U05DD0R44G5', 'U05DFQMUJTD', 'U05DFQNU4EP', 'U05DFU87M98', 'U05DJBLM29J', 'U05DJBMDG0L', 'U05DUHAKG8Z', 'U05DW80RSQM', 'U05E5KMHERE', 'U05E5KN7JPJ', 'U05GRT17A87', 'U05GRT1CQNB', 'U05GZPF8ZGW', 'U05GZPFBQ7Q', 'U05GZPFH7SA', 'U05GZPFK90W', 'U05GZPFLMPG', 'U05GZPFMAA2', 'U05H3FMA00M', 'U05H6A4184T', 'U05H6DGRMRQ', 'U05H8SL2HFE', 'U05HK2S6TLZ', 'U05HK2SC7SM', 'U05HK2SEC8H', 'U05HW4UU20Y', 'U05LH2ELNE7', 'U05M4TRTJHY', 'U05MZL07Q78', 'U05MZL0CBF0', 'U05MZL0DLVC', 'U05MZL0EKHU', 'U05P4AM7D44', 'U05PQ5BK2R2', 'U05QMDS4F1S', 'U05RSF4NN49', 'U05S2RNN0RW', 'U05TM6XE6V8']","[{'id': '1683566797.160659', 'type': 'C', 'created': 1683566876, 'user': 'U0238V5LB40', 'owner': 'U0238V5LB40'}, {'id': '1692286715.479319', 'type': 'C', 'created': 1692286734, 'user': 'U03LMGXA3FW', 'owner': 'U03LMGXA3FW'}]","{'value': 'Water cooler conversations', 'creator': 'U0224C8QX3R', 'last_set': 1682195152}","{'value': 'General questions or information passing zone for everyone in the program. Keep it kind, professional, and at least semi related to BYU MBA', 'creator': 'U03LMGXA3FW', 'last_set': 1685680425}"
C6G65DSLW,club_gea,1501275438,U6F6GHNH1,False,False,"['U0171LXH940', 'U01ADTASMMZ', 'U022RACMF9S', 'U023GGYV37G', 'U026AGC0FDY', 'U03L4GPCL5V', 'U03L57R4HN3', 'U03LCGL1GK0', 'U03LCGSATRU', 'U03LG776WFP', 'U03LG7BV35K', 'U03LK39LQ2F', 'U03LK4YF3A6', 'U03LK52CR7U', 'U03LKPR602X', 'U03LMGXDFB6', 'U03LXQCEVKK', 'U03LYFFN24R', 'U03M8T8358Q', 'U03M8T87HDE', 'U03M8T8B96C', 'U03M8TBLWTA', 'U03NPEEM6T0', 'U03NPEF1L78', 'U03NW11HA9H', 'U03PKR5881E', 'U03PKR5GQUQ', 'U03SRBYBAET', 'U03UV6770V9', 'U05A7HC8FF1', 'U05A7HE11LP', 'U05A7HE5MTR', 'U05AFDT9DQW', 'U05AMVCV3RR', 'U05AN02C0E7', 'U05AN3RHCBC', 'U05B0NFJ1S5', 'U05B0NGPZTK', 'U05B0NHD3LZ', 'U05DD0QU5MK', 'U05DD0R0XHB', 'U05DFU87M98', 'U05DJBMDG0L', 'U05DUHAKG8Z', 'U05H6A4184T', 'U05M4TRTJHY']","[{'id': '1602646143.067300', 'type': 'C', 'created': 1603253376, 'user': 'UKM4KTWRL', 'owner': 'UKDNVPX2S'}]","{'value': '', 'creator': '', 'last_set': 0}","{'value': 'GEA members and Entrepreneurship Track members, get your updates here!', 'creator': 'U6F6GHNH1', 'last_set': 1501275438}"
C6PSTJ44D,club_gfa,1502945784,U6EQ4BN9X,False,False,"['U0171LXH940', 'U022G38TVBP', 'U023GGYV37G', 'U03L4GN325D', 'U03L4GP8ZMM', 'U03L4GPCL5V', 'U03L4GQK4KZ', 'U03L4HB0BM5', 'U03LCGQCM2S', 'U03LG75NYSZ', 'U03LG7BV35K', 'U03LGTR0KV3', 'U03LK3EKMNF', 'U03LK4YJGQJ', 'U03LKPR602X', 'U03LMGS73J8', 'U03LMGV8Y12', 'U03LMGYLSR2', 'U03LN7V9M0U', 'U03LXQCEVKK', 'U03LXQH03LZ', 'U03LXQH9QMP', 'U03LXQHD7T3', 'U03LYFFN24R', 'U03M8T51VUY', 'U03M8T8B96C', 'U03M8T9G2GY', 'U03M9J7V2RE', 'U03PKR5881E', 'U03SRBYBAET', 'U03SZAWQBM4', 'U03TVL5E0M6', 'U03TVL5QZFA', 'U03UV6770V9', 'U05A7HC8FF1', 'U05A7HD4XE3', 'U05A7HE9NG7', 'U05AFDSCK4N', 'U05AK5HHLVB', 'U05AK5HTE77', 'U05B0NF7Y57', 'U05B0NFQNHX', 'U05BBQFD4V6', 'U05D98WS6FQ', 'U05DD0R0XHB', 'U05DD0R44G5', 'U05DFQNU4EP', 'U05DJBMDG0L', 'U05E5KN7JPJ', 'U05GZPF8ZGW', 'U05GZPFH7SA']","[{'id': '1589389970.001900', 'type': 'C', 'created': 1593738816, 'user': 'U016BRSHAD8', 'owner': 'UKCV9CL5U'}, {'id': '1599076768.010500', 'type': 'C', 'created': 1599107571, 'user': 'U016BRRNB6E', 'owner': 'UKCV9CL5U'}, {'id': '1599148930.021700', 'type': 'C', 'created': 1599149208, 'user': 'UKC274VK9', 'owner': 'UKC274VK9'}, {'id': '1599595257.011600', 'type': 'C', 'created': 1599595264, 'user': 'UKB737P53', 'owner': 'UKB737P53'}, {'id': '1599684787.025300', 'type': 'C', 'created': 1600093288, 'user': 'UKC274VK9', 'owner': 'UKC274VK9'}, {'id': '1610558510.001900', 'type': 'C', 'created': 1610558613, 'user': 'U016C2GJB3M', 'owner': 'UKC274VK9'}]","{'value': '', 'creator': '', 'last_set': 0}","{'value': 'Graduate Finance Association', 'creator': 'UCUAFK1ML', 'last_set': 1555512123}"
C6VUTH16Y,women-in-management-wim,1504107161,U6W59FSBY,False,False,"['UKA415K3N', 'U0171LXH940', 'U01ADTASMMZ', 'U022G387QE9', 'U023GGYV37G', 'U026AGC0FDY', 'U03L4GLKLTZ', 'U03L4GN325D', 'U03L4GP8ZMM', 'U03L4GSNM7Z', 'U03L4GT3B55', 'U03L4GUGBF1', 'U03L57R4HN3', 'U03LCGQCM2S', 'U03LG7DNSUV', 'U03LK385119', 'U03LK39EPB5', 'U03LK39LQ2F', 'U03LK3D5N2X', 'U03LK4YBK7C', 'U03LK4YF3A6', 'U03LK5295DY', 'U03LMGS73J8', 'U03LMGXA3FW', 'U03LMGYLSR2', 'U03LN7V9M0U', 'U03LXQBTQJV', 'U03LXQCEVKK', 'U03LXQCM22D', 'U03LXQLBGCR', 'U03LYFFN24R', 'U03LYFGDW8H', 'U03M8T87HDE', 'U03M8TCTA6L', 'U03NPEF1L78', 'U03NT59U8BF', 'U03P8MY0DR7', 'U03PKR5881E', 'U03PKR5GQUQ', 'U03QG4K7LUE', 'U03SRBYBAET', 'U03TVL5L37A', 'U05A7HCQPDM', 'U05A7HE11LP', 'U05A7HF1DJB', 'U05AFDRH8AJ', 'U05AFDT9DQW', 'U05AK5FTUSZ', 'U05AMVD19GT', 'U05AN0097RR', 'U05AN3R7398', 'U05AQGJRCNQ', 'U05B0NFT057', 'U05B0NHD3LZ', 'U05BBQDP59N', 'U05BQNKAUSX', 'U05DD0R44G5', 'U05GZPFMAA2', 'U05H6DGRMRQ', 'U05H8SL2HFE', 'U05HK2S6TLZ', 'U05MZL0DLVC']","[{'id': '1662994569.315089', 'type': 'C', 'created': 1663001978, 'user': 'U022K5L09EW', 'owner': 'U026AGBTUE6'}, {'id': '1665526320.183399', 'type': 'C', 'created': 1665976152, 'user': 'U022K5L09EW', 'owner': 'U022KBRAGHZ'}, {'id': '1668044210.495559', 'type': 'C', 'created': 1668466529, 'user': 'U022K5L09EW', 'owner': 'U0224C78EET'}, {'id': '1674684832.970699', 'type': 'C', 'created': 1674684851, 'user': 'U022KBRAGHZ', 'owner': 'U022KBRAGHZ'}, {'id': '1677256230.429129', 'type': 'C', 'created': 1678910699, 'user': 'U022K5L09EW', 'owner': 'U022K5L09EW'}]","{'value': '', 'creator': '', 'last_set': 0}","{'value': 'Collaborate as we provide individualized support for women in the BYU MBA Program', 'creator': 'UFRFVQ6UU', 'last_set': 1573251215}"
CCFQAD32Q,club_mbats,1535392009,U751Q7E6R,False,False,"['U0171LXH940', 'U01ADTASMMZ', 'U022KBV79MH', 'U023GGYV37G', 'U03LCGSATRU', 'U03LG7BV35K', 'U03LK39PKRR', 'U03LK3D5N2X', 'U03LK56EXJN', 'U03LMGXA3FW', 'U03LMGXDFB6', 'U03LMGYLSR2', 'U03LXQCEVKK', 'U03LXQCJA81', 'U03M8T6EJ8G', 'U03P8MY0DR7', 'U03PKR5881E', 'U03PKR5DAQY', 'U03PKR5GQUQ', 'U03TVL5E0M6', 'U05A7HE11LP', 'U05A7HF1DJB', 'U05AFDRH8AJ', 'U05AFDTJEUW', 'U05AK5FTUSZ', 'U05AQGJMMT6', 'U05BBQD8SKS', 'U05BBQEJNTA', 'U05BBQG6MKJ', 'U05D98WS6FQ', 'U05DD0R44G5', 'U05H6DGRMRQ', 'U05HK2S6TLZ']",,"{'value': '', 'creator': '', 'last_set': 0}","{'value': 'MBA Tech Society - a place to get updates about all upcoming events related to the MBATS club', 'creator': 'U751Q7E6R', 'last_set': 1535392010}"
CHMN1SB50,sca,1555512205,UCUAFK1ML,False,False,"['U0171LXH940', 'U022G39K87P', 'U022KBV79MH', 'U023GGYV37G', 'U023PGS313M', 'U03L4GLKLTZ', 'U03L4GP8ZMM', 'U03L4GQK4KZ', 'U03L4GT3B55', 'U03L57R4HN3', 'U03LCGQCM2S', 'U03LCGQP0LW', 'U03LCGSATRU', 'U03LG75NYSZ', 'U03LG7BV35K', 'U03LG7C5QAH', 'U03LG7DG3TP', 'U03LGTR0KV3', 'U03LK3AD1V1', 'U03LK3EKMNF', 'U03LK4YF3A6', 'U03LK4ZPZ4J', 'U03LMGS73J8', 'U03LMGXA3FW', 'U03LMGXDFB6', 'U03LXQBTQJV', 'U03LXQCEVKK', 'U03LXQH03LZ', 'U03LXQHD7T3', 'U03LYFFN24R', 'U03M8T51VUY', 'U03M8T6EJ8G', 'U03M8T6PC0G', 'U03M8T87HDE', 'U03NW11JH19', 'U03P8MY0DR7', 'U03PKR5881E', 'U03PKR5GQUQ', 'U03QG4K7LUE', 'U03SRBYBAET', 'U03SZAWQBM4', 'U03TVL5E0M6', 'U03UV6770V9', 'U05A7HC8FF1', 'U05A7HCQPDM', 'U05A7HEBCDV', 'U05AFDSJH70', 'U05AFDTJEUW', 'U05AK5GQJ5B', 'U05AK5HTE77', 'U05AK5J04P7', 'U05AN0097RR', 'U05AN015NSX', 'U05AN02C0E7', 'U05AN3R7398', 'U05AN3TCTSN', 'U05B0NFQNHX', 'U05B0NFT057', 'U05B0NHGDG9', 'U05BBQD8SKS', 'U05BBQDBU3S', 'U05BBQDP59N', 'U05BBQFD4V6', 'U05BBQFJ056', 'U05BBQG8FTJ', 'U05D98WS6FQ', 'U05DD0R44G5', 'U05DUHAKG8Z', 'U05GZPF8ZGW', 'U05GZPFBQ7Q', 'U05GZPFH7SA', 'U05GZPFMAA2', 'U05H8SL2HFE', 'U05HK2S6TLZ', 'U05HW4UU20Y', 'U05M4TRTJHY', 'U05MZL0CBF0', 'U05MZL0DLVC', 'U05PQ5BK2R2']","[{'id': '1678309656.994409', 'type': 'C', 'created': 1678309664, 'user': 'U02CZU8NJQL', 'owner': 'U02CZU8NJQL'}, {'id': '1696863997.696669', 'type': 'C', 'created': 1696864013, 'user': 'U03NW11JH19', 'owner': 'U03NW11JH19'}]","{'value': '', 'creator': '', 'last_set': 0}","{'value': 'Strategy &amp; Consulting Association', 'creator': 'U03NW11JH19', 'last_set': 1678736699}"
CHSR2LQU9,club_hla,1555512280,UCUAFK1ML,False,False,"['U015X3X6879', 'U0171LXH940', 'U023GGYV37G', 'U03L4GLKLTZ', 'U03L4GUGBF1', 'U03LG7DNSUV', 'U03LGTR0KV3', 'U03LMGXA3FW', 'U03LXQCM22D', 'U03LXQH9QMP', 'U03M8T87HDE', 'U03SRBYBAET', 'U05AFDRH8AJ', 'U05AK5GQJ5B', 'U05AN015NSX', 'U05AN01UD1R', 'U05D98WS6FQ', 'U05M4TRTJHY']","[{'id': '1610811286.002100', 'type': 'C', 'created': 1610841697, 'user': 'U016547H73Q', 'owner': 'UKU161C01'}]","{'value': '', 'creator': '', 'last_set': 0}","{'value': 'Healthcare Leadership Association', 'creator': 'U03LMGXA3FW', 'last_set': 1692921640}"
CHZ2WAA8M,club_analytics,1555512296,UCUAFK1ML,False,False,"['U0171LXH940', 'U023GGYV37G', 'U03L4GLKLTZ', 'U03L4GN325D', 'U03L4GP8ZMM', 'U03L4GSNM7Z', 'U03L4HB0BM5', 'U03LCGQP0LW', 'U03LCGSATRU', 'U03LG75NYSZ', 'U03LG763EKF', 'U03LG7DG3TP', 'U03LK39PKRR', 'U03LK3D5N2X', 'U03LK4YBK7C', 'U03LK4YF3A6', 'U03LK56AUHG', 'U03LMGSGBQC', 'U03LMGXA3FW', 'U03LMGXDFB6', 'U03LMGYLSR2', 'U03LN7VEH2Q', 'U03LXQCEVKK', 'U03LXQFQS3B', 'U03LXQFU5SM', 'U03LXQLBGCR', 'U03M8T87HDE', 'U03PKR5GQUQ', 'U03TVL5E0M6', 'U03TVL5QZFA', 'U03UV6770V9', 'U05A7HD4XE3', 'U05A7HEBCDV', 'U05A7HF1DJB', 'U05AFDRH8AJ', 'U05AFDSJH70', 'U05AK5J04P7', 'U05AN0097RR', 'U05B0NHGDG9', 'U05BBQD8SKS', 'U05D98WS6FQ', 'U05DD0R2J6R', 'U05H6DGRMRQ', 'U05HK2S6TLZ', 'U05HK2SEC8H', 'U05PQ5BK2R2']","[{'id': '1641677374.001200', 'type': 'C', 'created': 1641684298, 'user': 'U026P69F6L9', 'owner': 'U026P69F6L9'}]","{'value': '', 'creator': '', 'last_set': 0}","{'value': 'Analytics Club', 'creator': 'UCUAFK1ML', 'last_set': 1555512297}"
CHZ5087B2,club_mbama,1555512032,UCUAFK1ML,False,False,"['U0171LXH940', 'U01ADTASMMZ', 'U023GGYV37G', 'U026ANC3WH1', 'U03L4GLKLTZ', 'U03L4GQK4KZ', 'U03L4GSNM7Z', 'U03L4GT3B55', 'U03L4GUGBF1', 'U03L57R4HN3', 'U03LCGM9XML', 'U03LCGQ9L6S', 'U03LG763EKF', 'U03LG7DNSUV', 'U03LK39LQ2F', 'U03LK3AD1V1', 'U03LK3D5N2X', 'U03LK4YF3A6', 'U03LK56AUHG', 'U03LK56EXJN', 'U03LMGSGBQC', 'U03LMGXA3FW', 'U03LXQCEVKK', 'U03LXQCJA81', 'U03LXQCM22D', 'U03LXQE14NM', 'U03LXQFU5SM', 'U03LXQLBGCR', 'U03LYFFN24R', 'U03M8T6EJ8G', 'U03M8T87HDE', 'U03P8MY0DR7', 'U03PKR5DAQY', 'U03PKR5GQUQ', 'U03TVL5E0M6', 'U05A7HC8FF1', 'U05A7HCQPDM', 'U05A7HE11LP', 'U05A7HEBCDV', 'U05A7HEQV71', 'U05A7HF1DJB', 'U05AFDRH8AJ', 'U05AFDT9DQW', 'U05AFDTJEUW', 'U05AMVD19GT', 'U05AN0097RR', 'U05AN01UD1R', 'U05AN02C0E7', 'U05AN3R7398', 'U05AN3SNYRY', 'U05AQGJMMT6', 'U05AQGJRCNQ', 'U05BBQD8SKS', 'U05BBQEGSL8', 'U05BBQFJ056', 'U05BBQG6MKJ', 'U05BQNKAUSX', 'U05DFQMUJTD', 'U05DFU87M98', 'U05GRT1CQNB', 'U05GZPF8ZGW', 'U05GZPFK90W', 'U05H6DGRMRQ', 'U05HK2S6TLZ', 'U05HK2SC7SM', 'U05MZL0DLVC', 'U05MZL0EKHU']","[{'id': '1614355012.023600', 'type': 'C', 'created': 1614355437, 'user': 'U016QEQLXB3', 'owner': 'U016QEQLXB3'}, {'id': '1617136183.050600', 'type': 'C', 'created': 1617210631, 'user': 'U016QEQLXB3', 'owner': 'U016AEN76F7'}, {'id': '1625600226.026700', 'type': 'C', 'created': 1625665148, 'user': 'U016QEQLXB3', 'owner': 'U016AEMA1GV'}]","{'value': '', 'creator': 'U016QER4DCZ', 'last_set': 1616969663}","{'value': '', 'creator': 'U016QER4DCZ', 'last_set': 1616969660}"
CHZ56MM7S,club_pma,1555512244,UCUAFK1ML,False,False,"['UKA415K3N', 'U0171LXH940', 'U023GGYV37G', 'U023PGS313M', 'U03L4GLKLTZ', 'U03L4GP8ZMM', 'U03L4GQK4KZ', 'U03L4GT3B55', 'U03L4HB0BM5', 'U03L57R4HN3', 'U03LCGM9XML', 'U03LCGQ9L6S', 'U03LCGQCM2S', 'U03LCGQP0LW', 'U03LCGSATRU', 'U03LG75NYSZ', 'U03LG779KGD', 'U03LG7BV35K', 'U03LG7C5QAH', 'U03LG7DG3TP', 'U03LG7DNSUV', 'U03LGTR0KV3', 'U03LK39LQ2F', 'U03LK3AD1V1', 'U03LK3D5N2X', 'U03LK4YF3A6', 'U03LK5295DY', 'U03LK52CR7U', 'U03LK56AUHG', 'U03LK56EXJN', 'U03LMGSGBQC', 'U03LMGTRFN0', 'U03LMGXA3FW', 'U03LMGXDFB6', 'U03LMGYLSR2', 'U03LXQCEVKK', 'U03LXQCJA81', 'U03LXQCM22D', 'U03LXQE14NM', 'U03LXQFU5SM', 'U03LXQHD7T3', 'U03LYFFN24R', 'U03M8T51VUY', 'U03M8T6EJ8G', 'U03M8T8358Q', 'U03P8MY0DR7', 'U03PKR5DAQY', 'U03QG4K7LUE', 'U03SRBYBAET', 'U03TVL5E0M6', 'U03UV6770V9', 'U05A7HCQPDM', 'U05A7HEBCDV', 'U05AFDRFJ3Y', 'U05AFDRH8AJ', 'U05AFDTJEUW', 'U05AN02C0E7', 'U05AN3R7398', 'U05AQGJMMT6', 'U05B0NFJ1S5', 'U05B0NHGDG9', 'U05BBQD8SKS', 'U05BBQDBU3S', 'U05BBQG6MKJ', 'U05BBQG8FTJ', 'U05BQNKAUSX', 'U05DFU87M98', 'U05DJBMDG0L', 'U05GZPF8ZGW', 'U05H6DGRMRQ', 'U05HW4UU20Y']","[{'id': '1560784197.003200', 'type': 'C', 'created': 1562865754, 'user': 'UKM4TDNA2', 'owner': 'UBJBJS2FN'}]","{'value': '', 'creator': '', 'last_set': 0}","{'value': 'Product Management Association', 'creator': 'UCUAFK1ML', 'last_set': 1555512244}"
CKNR8FQKG,spiritual_strength,1560716475,UHEN3UQH1,False,False,"['U0171LXH940', 'U023GGYV37G', 'U03LG7C5QAH', 'U03LK551XFU', 'U03LXQCJA81']",,"{'value': '', 'creator': '', 'last_set': 0}","{'value': 'Thee lift me, and I’ll lift thee, and we’ll ascend together (Quaker Proverb)', 'creator': 'UCUAFK1ML', 'last_set': 1574701251}"
CKZ3F37N3,recruiting,1561568172,UFABY6K8A,False,False,"['UKA415K3N', 'U016AEMQBNH', 'U0171LXH940', 'U01ADTASMMZ', 'U022G387QE9', 'U022G39K87P', 'U022KBV79MH', 'U023GGYV37G', 'U023PGS313M', 'U026AGC0FDY', 'U03L4GLKLTZ', 'U03L4GN325D', 'U03L4GP8ZMM', 'U03L4GQK4KZ', 'U03L4GSNM7Z', 'U03L4GT3B55', 'U03L4GUGBF1', 'U03L4HB0BM5', 'U03L57R4HN3', 'U03LCGM9XML', 'U03LCGQ9L6S', 'U03LCGQCM2S', 'U03LCGQP0LW', 'U03LCGSATRU', 'U03LG75NYSZ', 'U03LG763EKF', 'U03LG779KGD', 'U03LG78FBEZ', 'U03LG7BV35K', 'U03LG7C5QAH', 'U03LG7C9P8V', 'U03LG7DG3TP', 'U03LGTR0KV3', 'U03LK385119', 'U03LK39LQ2F', 'U03LK3AD1V1', 'U03LK3D5N2X', 'U03LK3EKMNF', 'U03LK4YBK7C', 'U03LK4YF3A6', 'U03LK4ZPZ4J', 'U03LK5045V0', 'U03LK5295DY', 'U03LK52VCQ2', 'U03LK533VR8', 'U03LK56AUHG', 'U03LK56EXJN', 'U03LKPR8N75', 'U03LMGSGBQC', 'U03LMGV8Y12', 'U03LMGX6W1J', 'U03LMGXA3FW', 'U03LMGXDFB6', 'U03LMGYLSR2', 'U03LN7VEH2Q', 'U03LXQBTQJV', 'U03LXQCEVKK', 'U03LXQCJA81', 'U03LXQCM22D', 'U03LXQE14NM', 'U03LXQFQS3B', 'U03LXQFU5SM', 'U03LXQH03LZ', 'U03LXQH9QMP', 'U03LXQHD7T3', 'U03LXQLBGCR', 'U03LYFFN24R', 'U03M8T51VUY', 'U03M8T6EJ8G', 'U03M8T6PC0G', 'U03M8T9K6SU', 'U03M8TCTA6L', 'U03M9J7V2RE', 'U03NW11JH19', 'U03P8MY0DR7', 'U03PKR5881E', 'U03PKR5DAQY', 'U03PKR5GQUQ', 'U03SRBYBAET', 'U03SZAWQBM4', 'U03TVL5E0M6', 'U03TVL5QZFA', 'U03UV6770V9', 'U05A7HC8FF1', 'U05A7HCQPDM', 'U05A7HD4XE3', 'U05A7HE9NG7', 'U05A7HEBCDV', 'U05A7HF1DJB', 'U05AFDRFJ3Y', 'U05AFDRH8AJ', 'U05AFDS264E', 'U05AFDSCK4N', 'U05AFDSJH70', 'U05AFDTJEUW', 'U05AK5GQJ5B', 'U05AK5HTE77', 'U05AK5J04P7', 'U05AMVCTLRZ', 'U05AMVCV3RR', 'U05AMVD19GT', 'U05AN0097RR', 'U05AN015NSX', 'U05AN01UD1R', 'U05AN02C0E7', 'U05AN3R7398', 'U05AQGJ30BE', 'U05AQGJMMT6', 'U05AQGJRCNQ', 'U05B0NF7Y57', 'U05B0NFJ1S5', 'U05B0NFQNHX', 'U05B0NFT057', 'U05B0NHD3LZ', 'U05B0NHGDG9', 'U05BBQCRFU0', 'U05BBQD8SKS', 'U05BBQDBU3S', 'U05BBQDP59N', 'U05BBQEGSL8', 'U05BBQEJNTA', 'U05BBQFD4V6', 'U05BBQFJ056', 'U05BBQG6MKJ', 'U05BBQG8FTJ', 'U05BQNKAUSX', 'U05D1CFKBJT', 'U05D98WQKFG', 'U05D98WS6FQ', 'U05DD0QU5MK', 'U05DD0R2J6R', 'U05DFQNU4EP', 'U05DFU87M98', 'U05DW80RSQM', 'U05E5KMHERE', 'U05GRT17A87', 'U05GZPF8ZGW', 'U05GZPFBQ7Q', 'U05GZPFH7SA', 'U05GZPFMAA2', 'U05H6DGRMRQ', 'U05HK2S6TLZ', 'U05HK2SC7SM', 'U05HK2SEC8H', 'U05HW4UU20Y', 'U05MZL0CBF0', 'U05MZL0DLVC', 'U05MZL0EKHU']","[{'id': '1562678281.002100', 'type': 'C', 'created': 1562678286, 'user': 'UCUAFK1ML', 'owner': 'UCUAFK1ML'}, {'id': '1562816913.004600', 'type': 'C', 'created': 1562865540, 'user': 'UKM4TDNA2', 'owner': 'UCUAFK1ML'}, {'id': '1600908973.028500', 'type': 'C', 'created': 1600908980, 'user': 'UKC1G8LCD', 'owner': 'UKC1G8LCD'}]","{'value': '', 'creator': '', 'last_set': 0}","{'value': 'National Black info, questions, communication, and coordination', 'creator': 'UFABY6K8A', 'last_set': 1561568173}"
CLL9ULQ5C,memes,1563421635,UCUAFK1ML,False,False,"['U0171LXH940', 'U022G387QE9', 'U022RACMF9S', 'U023GGYV37G', 'U03L4GN325D', 'U03L4GUGBF1', 'U03L4HB0BM5', 'U03LCGM9XML', 'U03LCGQP0LW', 'U03LG776WFP', 'U03LG7BV35K', 'U03LG7DG3TP', 'U03LG7DNSUV', 'U03LK3D5N2X', 'U03LK4YF3A6', 'U03LK5045V0', 'U03LK5295DY', 'U03LK52VCQ2', 'U03LK533VR8', 'U03LK56AUHG', 'U03LK56EXJN', 'U03LMGSGBQC', 'U03LMGXA3FW', 'U03LMGYLSR2', 'U03LXQCJA81', 'U03LXQCM22D', 'U03LXQFQS3B', 'U03LXQLBGCR', 'U03M8T9K6SU', 'U03M8TBLWTA', 'U03NW11JH19', 'U03PKR5DAQY', 'U03TVL5E0M6', 'U03TVL5QZFA', 'U05A7HE11LP', 'U05AFDRH8AJ', 'U05AFDTJEUW', 'U05AK5J04P7', 'U05AN02C0E7', 'U05AN3RPDFU', 'U05BBQCRFU0', 'U05BBQFJ056', 'U05GRT17A87', 'U05H6DGRMRQ', 'U05PQ5BK2R2']","[{'id': '1647264865.292419', 'type': 'C', 'created': 1647266762, 'user': 'U016BRRCQAW', 'owner': 'U0171LXN5AL'}]","{'value': '', 'creator': '', 'last_set': 0}","{'value': 'Vaguely MBA related memes', 'creator': 'UCUAFK1ML', 'last_set': 1563421635}"
CLLBC5V41,fantasyfootball,1564117503,UJABQDB8C,False,False,"['U03LCGQ9L6S', 'U03LG7C5QAH', 'U03LGTR0KV3', 'U03LK533VR8', 'U03LMGV8Y12', 'U03M8TCTA6L', 'U03TVL5QZFA', 'U03UV6770V9', 'U05AK5GQJ5B', 'U05DD0R0XHB', 'U05DD0R2J6R', 'U05DJBMDG0L']",,"{'value': '', 'creator': '', 'last_set': 0}","{'value': 'Get organized before season starts with Draft.  Games on ESPN.', 'creator': 'UJABQDB8C', 'last_set': 1564117504}"
CMGBM8GRL,mbasketball,1565911600,UHYGQV6EL,False,False,"['U01ADTASMMZ', 'U022G38TVBP', 'U023GGYV37G', 'U03L4GQK4KZ', 'U03LCGQ9L6S', 'U03LCGSATRU', 'U03LG75NYSZ', 'U03LG7BV35K', 'U03LG7C5QAH', 'U03LK39PKRR', 'U03LK52CR7U', 'U03LK56AUHG', 'U03LK56EXJN', 'U03LKPR602X', 'U03LKPRD403', 'U03LMGX6W1J', 'U03LXQCEVKK', 'U03LXQCJA81', 'U03LXQE14NM', 'U03LXQH9QMP', 'U03M8TCTA6L', 'U03NW11HA9H', 'U03UV6770V9', 'U05AFDSJH70', 'U05AK5GQJ5B', 'U05AN015NSX', 'U05AN3R7398', 'U05AN3RHCBC', 'U05B0NHGDG9', 'U05BBQD8SKS', 'U05DD0R0XHB', 'U05DW80RSQM', 'U05GZPF8ZGW']","[{'id': '1565912864.009200', 'type': 'C', 'created': 1565912946, 'user': 'U8RG39EG7', 'owner': 'UD2NP7V1U'}]","{'value': '', 'creator': '', 'last_set': 0}","{'value': '', 'creator': '', 'last_set': 0}"
CMHKGAUCQ,internationals_mba,1566274431,UKAE010A1,False,False,"['U0171LXH940', 'U01ADTASMMZ', 'U022KBV79MH', 'U023GGYV37G', 'U03L4GP8ZMM', 'U03L4GQK4KZ', 'U03LCGQCM2S', 'U03LCGSATRU', 'U03LG763EKF', 'U03LG779KGD', 'U03LK39EPB5', 'U03LK4ZPZ4J', 'U03LMGSGBQC', 'U03LMGX6W1J', 'U03LMGXDFB6', 'U03LXQBTQJV', 'U03LXQCEVKK', 'U03LXQCM22D', 'U03LXQFU5SM', 'U03M8T51VUY', 'U03M8T6EJ8G', 'U03M8T87HDE', 'U03TVL5E0M6', 'U05A7HCQPDM', 'U05A7HF1DJB', 'U05AK5J04P7', 'U05AQGJMMT6', 'U05B0NHGDG9', 'U05BBQD8SKS', 'U05BBQEGSL8', 'U05D98WQKFG']","[{'id': '1585772675.017600', 'type': 'C', 'created': 1585772975, 'user': 'UKM4TDNA2', 'owner': 'UKM4TDNA2'}, {'id': '1585946346.116100', 'type': 'C', 'created': 1585946350, 'user': 'UKM4TDNA2', 'owner': 'UKM4TDNA2'}, {'id': '1585947472.116900', 'type': 'C', 'created': 1585947537, 'user': 'UKM4TDNA2', 'owner': 'UK3RU069F'}, {'id': '1601056787.007200', 'type': 'C', 'created': 1603414456, 'user': 'UK37NLL1X', 'owner': 'UKAE010A1'}]","{'value': '', 'creator': '', 'last_set': 0}","{'value': 'To share job offers and opportunities for international students', 'creator': 'UKAE010A1', 'last_set': 1566274431}"
CMP4QAPCY,byu_game_squad,1566652071,UHEN3UQH1,False,False,"['U03LCGQ9L6S', 'U03LCGSATRU', 'U03LG7C5QAH', 'U03LK533VR8', 'U03LK56EXJN', 'U03LMGYLSR2', 'U03LXQCEVKK', 'U03LXQCJA81', 'U03LXQE14NM', 'U03NW11HA9H', 'U03NW11JH19', 'U03PKR5881E', 'U05A7HF1DJB', 'U05AFDRH8AJ', 'U05AMVCTLRZ', 'U05AN015NSX', 'U05B0NHGDG9', 'U05BBQDP59N', 'U05BBQFD4V6', 'U05BBQG6MKJ', 'U05DD0R0XHB', 'U05HK2SC7SM', 'U05MZL0DLVC']",,"{'value': '', 'creator': '', 'last_set': 0}","{'value': 'Go to games!!!', 'creator': 'UHEN3UQH1', 'last_set': 1566652072}"
CNCB9AES3,service,1568316628,UJ2ESJMUM,False,False,"['U015X3X6879', 'U023GGYV37G', 'U026AGC0FDY', 'U03L4GN325D', 'U03L4GUGBF1', 'U03L57R4HN3', 'U03LG7BV35K', 'U03LG7DG3TP', 'U03LG7DNSUV', 'U03LGTR0KV3', 'U03LK39EPB5', 'U03LK3D5N2X', 'U03LK3EKMNF', 'U03LK4YBK7C', 'U03LK4YF3A6', 'U03LK5045V0', 'U03LKPRD403', 'U03LMGV8Y12', 'U03LMGXA3FW', 'U03LXQBTQJV', 'U03LXQCJA81', 'U03LXQE14NM', 'U03LXQH03LZ', 'U03LXQH9QMP', 'U03M8T51VUY', 'U03M8TCTA6L', 'U03PKR5881E', 'U05A7HE11LP', 'U05AFDRH8AJ', 'U05AFDSJH70', 'U05AK5J04P7', 'U05AMVCV3RR', 'U05AN015NSX', 'U05AN02C0E7', 'U05BBQDA9K2', 'U05BBQFJ056', 'U05BBQG8FTJ', 'U05D98WS6FQ', 'U05DFQNU4EP', 'U05H6DGRMRQ', 'U05HW4UU20Y']","[{'id': '1599585568.085800', 'type': 'C', 'created': 1599684345, 'user': 'U016C2G5CH1', 'owner': 'UJYMF0SBU'}]","{'value': '', 'creator': '', 'last_set': 0}","{'value': 'Service Opportunities for MBA students', 'creator': 'UJ2ESJMUM', 'last_set': 1568316629}"
CNUFXMXGQ,soccer,1569629296,UCXCKAFQ9,False,False,"['U026ANC3WH1', 'U03L4GN325D', 'U03L4GQK4KZ', 'U03L4HB0BM5', 'U03LCGSATRU', 'U03LG779KGD', 'U03LK3EKMNF', 'U03LK533VR8', 'U03LK56AUHG', 'U03LMGX6W1J', 'U03LMGXDFB6', 'U03LMGYLSR2', 'U03LXQCEVKK', 'U03LXQH03LZ', 'U03LXQLBGCR', 'U03M8T9G2GY', 'U03M8TBLWTA', 'U03SRBYBAET', 'U03TVL5QZFA', 'U05AK5J04P7', 'U05AQGJMMT6']",,"{'value': '', 'creator': '', 'last_set': 0}","{'value': 'To play soccer', 'creator': 'UCXCKAFQ9', 'last_set': 1569629297}"
CQWF39WJJ,fine_arts,1574359662,UJ3BZMJBH,False,False,"['U026AGC0FDY', 'U03L4GN325D', 'U03L4GP8ZMM', 'U03LGTR0KV3', 'U03LK39PKRR', 'U03LK3D5N2X', 'U03LK4YBK7C', 'U03LMGSGBQC', 'U03LXQCJA81', 'U03LXQLBGCR', 'U03M8T51VUY', 'U03TVL5E0M6', 'U05A7HE11LP', 'U05A7HF1DJB', 'U05B0NFT057']",,"{'value': '', 'creator': '', 'last_set': 0}","{'value': 'Connect people with opportunities to engage in fine art activities in the community.', 'creator': 'UJ3BZMJBH', 'last_set': 1575485081}"
CSRMLBWP5,pickleball,1579890192,UKBE7V8S3,False,False,"['U0171LXH940', 'U023GGYV37G', 'U03LCGSATRU', 'U03LG779KGD', 'U03LK39LQ2F', 'U03LK39PKRR', 'U03LK3D5N2X', 'U03LK4YF3A6', 'U03LK52CR7U', 'U03LK533VR8', 'U03LK56EXJN', 'U03LKPRD403', 'U03LMGXDFB6', 'U03LMGYLSR2', 'U03LXQCEVKK', 'U03LXQCJA81', 'U03LXQCM22D', 'U03LXQH9QMP', 'U03LXQLBGCR', 'U03M8T51VUY', 'U03M8T87HDE', 'U03M8TCTA6L', 'U03P8MY0DR7', 'U03UV6770V9', 'U05A7HD4XE3', 'U05BBQD8SKS', 'U05E5KMHERE', 'U05GZPFH7SA']","[{'id': '1580164525.006400', 'type': 'C', 'created': 1583512207, 'user': 'UKC274VK9', 'owner': 'UKNL2MTLG'}]","{'value': '', 'creator': '', 'last_set': 0}","{'value': 'To coordinate pickleball games', 'creator': 'UKBE7V8S3', 'last_set': 1579890193}"
CTC9H9EHX,racquetball,1581013023,UD1NQ9UNP,False,False,"['U03LCGSATRU', 'U03LXQLBGCR', 'U05BBQG8FTJ', 'U05DD0QU5MK', 'U05H6A4184T']",,"{'value': '', 'creator': '', 'last_set': 0}","{'value': 'Racquet the world', 'creator': 'UD1NQ9UNP', 'last_set': 1581013108}"
C0106CNDW9E,blue_lounge,1584464655,UCUAFK1ML,False,False,"['U0171LXH940', 'U022G387QE9', 'U023GGYV37G', 'U023PGS313M', 'U026AGC0FDY', 'U03L4GN325D', 'U03L4GPCL5V', 'U03L4GT3B55', 'U03L4GUGBF1', 'U03L4HB0BM5', 'U03L57R4HN3', 'U03LCGQP0LW', 'U03LCGSATRU', 'U03LG75NYSZ', 'U03LG78FBEZ', 'U03LG7BV35K', 'U03LG7C5QAH', 'U03LG7DG3TP', 'U03LK385119', 'U03LK39LQ2F', 'U03LK39PKRR', 'U03LK3D5N2X', 'U03LK4YF3A6', 'U03LK4ZPZ4J', 'U03LK5045V0', 'U03LK5295DY', 'U03LK533VR8', 'U03LK56EXJN', 'U03LKPR602X', 'U03LKPR8N75', 'U03LMGSGBQC', 'U03LMGV8Y12', 'U03LMGXA3FW', 'U03LMGYLSR2', 'U03LXQCEVKK', 'U03LXQCJA81', 'U03LXQCM22D', 'U03LXQE14NM', 'U03LXQFQS3B', 'U03LXQH9QMP', 'U03LXQLBGCR', 'U03LYFFN24R', 'U03M8T87HDE', 'U03M8TBLWTA', 'U03M9J7V2RE', 'U03NW11JH19', 'U03P8MY0DR7', 'U03PKR5881E', 'U03QG4K7LUE', 'U03UV6770V9', 'U05A7HE11LP', 'U05AFDTJEUW', 'U05AFDU878E', 'U05AK5J04P7', 'U05AN015NSX', 'U05AN01UD1R', 'U05AQGJMMT6', 'U05BBQCRFU0', 'U05BBQDBU3S', 'U05BBQG6MKJ']",,"{'value': 'MBA Midnight Madness', 'creator': 'U016BRRNB6E', 'last_set': 1619057685}","{'value': 'Video chatting all the time', 'creator': 'UCUAFK1ML', 'last_set': 1584464656}"
C011J9N4VK8,housing,1586483076,UCQJ6NXSB,False,False,"['U0171LXH940', 'U0171LYGQ2U', 'U022G38TVBP', 'U023GGYV37G', 'U026ANC3WH1', 'U03L4GN325D', 'U03L4GQK4KZ', 'U03L4GUGBF1', 'U03LCGQ9L6S', 'U03LCGQCM2S', 'U03LG776WFP', 'U03LG7BV35K', 'U03LG7C5QAH', 'U03LG7DG3TP', 'U03LK39LQ2F', 'U03LK4YBK7C', 'U03LK4YF3A6', 'U03LK551XFU', 'U03LMGXA3FW', 'U03LMGXDFB6', 'U03LMGYLSR2', 'U03LXQBTQJV', 'U03LXQCEVKK', 'U03LXQCM22D', 'U03LXQE14NM', 'U03LXQHD7T3', 'U03M8T51VUY', 'U03M8T6EJ8G', 'U03M8T9K6SU', 'U03M8TBLWTA', 'U03NW11HA9H', 'U03P8MY0DR7', 'U03TVL5E0M6', 'U05A7HD4XE3', 'U05A7HF1DJB', 'U05AFDRH8AJ', 'U05AK5FTUSZ', 'U05AK5J04P7', 'U05AN02C0E7', 'U05AN3SNYRY', 'U05AQGJRCNQ', 'U05B0NHGDG9', 'U05BBQD8SKS', 'U05BBQFD4V6', 'U05D1CFKBJT', 'U05D98WS6FQ', 'U05DFQNU4EP', 'U05GZPF8ZGW', 'U05H6A4184T', 'U05H6DGRMRQ']","[{'id': '1586576030.005800', 'type': 'C', 'created': 1586720624, 'user': 'UCQJ6NXSB', 'owner': 'UK37NLL1X'}]","{'value': 'One stop shop for all housing announcements or help', 'creator': 'UCQJ6NXSB', 'last_set': 1586570467}","{'value': 'Share listings and housing availability with everyone here!', 'creator': 'UCQJ6NXSB', 'last_set': 1586483076}"
C01868W5RQ8,mba_moms,1595352832,U016EHWGDPD,False,False,"['U0171LXH940', 'U0171LYGQ2U', 'U022G387QE9', 'U03L4GSNM7Z', 'U03L4GT3B55', 'U03L57R4HN3', 'U03LK39LQ2F', 'U03LMGXA3FW', 'U03PKR5881E', 'U03TVL5E0M6', 'U05A7HE11LP', 'U05D1CFKBJT', 'U05DD0R44G5', 'U05E5KMHERE', 'U05GZPFMAA2', 'U05HK2S6TLZ']",,"{'value': '', 'creator': '', 'last_set': 0}","{'value': 'Mothers simultaneously in the MBA program.', 'creator': 'U016EHWGDPD', 'last_set': 1595352832}"
C01ADLUPQV8,case_competitions,1599699152,ULRNATV4Z,False,False,"['U023GGYV37G', 'U03L4GT3B55', 'U03L4GUGBF1', 'U03L4HB0BM5', 'U03LCGM9XML', 'U03LCGQCM2S', 'U03LG75NYSZ', 'U03LG7C5QAH', 'U03LK3D5N2X', 'U03LK4YF3A6', 'U03LK5295DY', 'U03LK52VCQ2', 'U03LKPR602X', 'U03LKPRD403', 'U03LMGSGBQC', 'U03LMGXA3FW', 'U03LMGXDFB6', 'U03LMGYLSR2', 'U03LXQCEVKK', 'U03LXQFQS3B', 'U03M8T51VUY', 'U03M8T6EJ8G', 'U03PKR5881E', 'U03PKR5GQUQ', 'U03TVL5E0M6', 'U05A7HCQPDM', 'U05A7HF1DJB', 'U05AFDSJH70', 'U05AFDTJEUW', 'U05AK5HTE77', 'U05AN0097RR', 'U05AN015NSX', 'U05AN3TCTSN', 'U05AQGJMMT6', 'U05B0NHGDG9', 'U05BBQD8SKS', 'U05BBQDP59N', 'U05BBQFD4V6', 'U05D98WS6FQ', 'U05DD0R2J6R', 'U05DFQNU4EP', 'U05DFU87M98', 'U05DJBMDG0L', 'U05GZPFH7SA', 'U05GZPFMAA2', 'U05H6DGRMRQ', 'U05HK2S6TLZ', 'U05MZL0CBF0']",,"{'value': '', 'creator': '', 'last_set': 0}","{'value': 'A place to announce competitions, form teams, and support each other. Feel free to post in club channels and #chat but this offers a cross-year cross-club place to post. ', 'creator': 'ULRNATV4Z', 'last_set': 1599699153}"
C01BD1G954Y,club-blue-forge,1600133365,UKDNVPX2S,False,False,"['U022RACMF9S', 'U023GGYV37G', 'U026AGC0FDY', 'U03LK4YF3A6', 'U05A7HE11LP', 'U05DD0QU5MK', 'U05GZPFMAA2']","[{'id': '1600138050.011700', 'type': 'C', 'created': 1600138060, 'user': 'UKDNVPX2S', 'owner': 'UKDNVPX2S'}, {'id': '1600138296.013700', 'type': 'C', 'created': 1600141445, 'user': 'UKDNVPX2S', 'owner': 'UKDNVPX2S'}, {'id': '1612549168.013900', 'type': 'C', 'created': 1612549345, 'user': 'U016MV3HR27', 'owner': 'U016MV3HR27'}]","{'value': '', 'creator': '', 'last_set': 0}","{'value': 'Blue Forge Club MBA space', 'creator': 'UKDNVPX2S', 'last_set': 1600136467}"
C01DRDHA2A1,selling_stuff,1604331581,UK9T02U2Y,False,False,"['U0171LXH940', 'U022G387QE9', 'U023GGYV37G', 'U03L4GSNM7Z', 'U03L4GUGBF1', 'U03L4HB0BM5', 'U03LCGQ9L6S', 'U03LG779KGD', 'U03LG7BV35K', 'U03LG7C5QAH', 'U03LG7C9P8V', 'U03LK39EPB5', 'U03LK3D5N2X', 'U03LK4ZPZ4J', 'U03LK5045V0', 'U03LK5295DY', 'U03LK533VR8', 'U03LMGV8Y12', 'U03LMGXA3FW', 'U03LMGXDFB6', 'U03LMGYLSR2', 'U03LXQCEVKK', 'U03LXQCJA81', 'U03LXQFQS3B', 'U03LXQH03LZ', 'U03M8T51VUY', 'U03M8TCTA6L', 'U03PKR5881E', 'U03TVL5E0M6', 'U05A7HE11LP', 'U05A7HF1DJB', 'U05AFDRH8AJ', 'U05AFDTJEUW', 'U05AK5FTUSZ', 'U05AK5GQJ5B', 'U05AK5J04P7', 'U05AMVD19GT', 'U05AN015NSX', 'U05AN02C0E7', 'U05AN3SNYRY', 'U05AQGJMMT6', 'U05B0NHD3LZ', 'U05B0NHGDG9', 'U05BBQD8SKS', 'U05D98WS6FQ']",,"{'value': '', 'creator': '', 'last_set': 0}","{'value': 'A channel to post things for others to buy.', 'creator': 'UK9T02U2Y', 'last_set': 1604331581}"
C01SJ58CGP8,mba_pickleball_tourney,1617038197,U0171LYSU9W,False,False,"['U0171LXH940', 'U022G39K87P', 'U023GGYV37G', 'U03L4GQK4KZ', 'U03L4HB0BM5', 'U03LG776WFP', 'U03LG7C5QAH', 'U03LK39PKRR', 'U03LMGYLSR2', 'U03M8TCTA6L', 'U03SRBYBAET', 'U03UV6770V9', 'U05BBQD8SKS']",,"{'value': '', 'creator': '', 'last_set': 0}","{'value': 'MBA Pickleball Tournament', 'creator': 'U0171LYSU9W', 'last_set': 1617038198}"
C02H2840L90,class-bidding-black-market,1633633193,U016J1NR2UU,False,False,"['U03LG7C5QAH', 'U03LK39PKRR', 'U03LMGYLSR2', 'U03SRBYBAET']","[{'id': '1633633194.000300', 'type': 'C', 'created': 1633633812, 'user': 'U016J1NR2UU', 'owner': 'USLACKBOT'}]","{'value': '', 'creator': '', 'last_set': 0}","{'value': 'Watch instructional video before making any cash offers <https://www.youtube.com/watch?v=dQw4w9WgXcQ>', 'creator': 'U016J1NR2UU', 'last_set': 1633633194}"
C02LTU85BJ4,vcic-byu-internal,1635978607,U017UV4CZF0,False,False,"['U023GGYV37G', 'U026AGC0FDY', 'U05A7HEBCDV']",,"{'value': '', 'creator': '', 'last_set': 0}","{'value': '', 'creator': '', 'last_set': 0}"
C02MUPVBNUD,smash-bros,1637285787,U015X3Y3G6T,False,False,"['U03LG7C5QAH', 'U03LK3D5N2X', 'U03LK533VR8', 'U03LXQCEVKK', 'U03LXQFQS3B', 'U03LXQLBGCR', 'U03M8TBLWTA']",,"{'value': 'Only open to students with a GPA below 3.7.', 'creator': 'U026P69H849', 'last_set': 1668554150}","{'value': 'Super Smash Brothers', 'creator': 'U015X3Y3G6T', 'last_set': 1637285788}"
C02NX4LS6G7,anime,1638469820,U0224C8QX3R,False,False,"['U03L4GLKLTZ', 'U03LCGSATRU', 'U03LK3D5N2X', 'U03LK56AUHG', 'U03LMGSGBQC', 'U03LXQLBGCR', 'U03M8T51VUY', 'U05AFDRH8AJ', 'U05B0NFJ1S5', 'U05BBQDD9DW', 'U05H6DGRMRQ']",,"{'value': '', 'creator': '', 'last_set': 0}","{'value': 'for the weebs', 'creator': 'U0224C8QX3R', 'last_set': 1638469820}"
C02T7V7AZPA,quality_mgt,1641233060,UL3RM5PB8,False,False,"['UKA415K3N', 'U0171LXH940', 'U0171LYGQ2U', 'U022G38TVBP', 'U023GGYV37G', 'U03L4GN325D', 'U03L4GP8ZMM', 'U03LK39EPB5', 'U03LKPR8N75', 'U03M8T9K6SU', 'U03SRBYGAKZ']",,"{'value': '', 'creator': '', 'last_set': 0}","{'value': 'MBA 634 - Quality Management with John Gardner (Winter 2023)', 'creator': 'U022K5LNZM0', 'last_set': 1673413355}"
C0317G1HQ8G,lunch,1643304495,U023PGRFL2X,False,False,"['U0171LXH940', 'U01ADTASMMZ', 'U022G387QE9', 'U022G39K87P', 'U023GGYV37G', 'U026AGC0FDY', 'U03L4GN325D', 'U03L4GUGBF1', 'U03LCGM9XML', 'U03LCGSATRU', 'U03LK3EKMNF', 'U03LK5295DY', 'U03LMGXA3FW', 'U03LXQCJA81', 'U03LXQCM22D', 'U03LXQE14NM', 'U03M8TCTA6L', 'U03NW11JH19', 'U03P8MY0DR7', 'U03TVL5E0M6', 'U05AFDRH8AJ', 'U05AFDTJEUW', 'U05AN015NSX', 'U05AN3R7398', 'U05BBQD8SKS', 'U05BBQDBU3S', 'U05H6DGRMRQ']","[{'id': '1643305770.755439', 'type': 'C', 'created': 1643306329, 'user': 'U023L8737E1', 'owner': 'USLACKBOT'}]","{'value': '', 'creator': '', 'last_set': 0}","{'value': 'This channel is to network and get to know your peers in the MBA program over lunch. Please post about where you’re going to lunch and invite others.', 'creator': 'U023PGRFL2X', 'last_set': 1643304495}"
C03N4FDE0TT,2024marketers,1656548158,U022KBVTJCT,False,False,"['U03L4GSNM7Z', 'U03L4GUGBF1', 'U03L57R4HN3', 'U03LCGM9XML', 'U03LCGQ9L6S', 'U03LG78FBEZ', 'U03LG7DNSUV', 'U03LK3AD1V1', 'U03LK3D5N2X', 'U03LK4YF3A6', 'U03LK56AUHG', 'U03LK56EXJN', 'U03LMGSGBQC', 'U03LMGXA3FW', 'U03LXQCEVKK', 'U03LXQCJA81', 'U03LXQCM22D', 'U03LXQE14NM', 'U03LXQFU5SM', 'U03LXQLBGCR', 'U03M8T87HDE', 'U03P8MY0DR7', 'U03PKR5DAQY', 'U03QG4K7LUE', 'U03SRBYBAET', 'U03TVL5E0M6']","[{'id': '1658330711.649409', 'type': 'C', 'created': 1658330938, 'user': 'U0238V5LB40', 'owner': 'U0238V5LB40'}, {'id': '1665026738.629699', 'type': 'C', 'created': 1665422499, 'user': 'U03LXQLBGCR', 'owner': 'U022RA8TEE8'}]","{'value': '', 'creator': '', 'last_set': 0}","{'value': '', 'creator': '', 'last_set': 0}"
C03P2C2317G,volleyball,1657659974,U03LXQE14NM,False,False,"['U03L4GN325D', 'U03L4GQK4KZ', 'U03LCGSATRU', 'U03LG75NYSZ', 'U03LG779KGD', 'U03LG7BV35K', 'U03LG7C5QAH', 'U03LK52CR7U', 'U03LK52VCQ2', 'U03LK533VR8', 'U03LK56AUHG', 'U03LMGX6W1J', 'U03LXQCEVKK', 'U03LXQE14NM', 'U03LXQLBGCR', 'U03M8T87HDE', 'U03TVL5L37A', 'U05A7HF1DJB', 'U05AK5J04P7', 'U05B0NFJ1S5', 'U05B0NHD3LZ', 'U05BBQG6MKJ', 'U05DD0R2J6R', 'U05MZL07Q78']",,"{'value': '', 'creator': '', 'last_set': 0}","{'value': 'This channel is to network and get to know your peers in the MBA program, and to (volley)ball out!', 'creator': 'U03LXQE14NM', 'last_set': 1657660440}"
C03UB90J2CU,marketingrecruiting,1660851717,U0238V5LB40,False,False,"['U023GGYV37G', 'U03L4GUGBF1', 'U03L57R4HN3', 'U03LCGM9XML', 'U03LCGQ9L6S', 'U03LG763EKF', 'U03LG78FBEZ', 'U03LK39LQ2F', 'U03LK3AD1V1', 'U03LK3D5N2X', 'U03LK4YF3A6', 'U03LK56AUHG', 'U03LK56EXJN', 'U03LXQCEVKK', 'U03LXQCJA81', 'U03LXQCM22D', 'U03LXQE14NM', 'U03LXQFU5SM', 'U03LXQLBGCR', 'U03M8T6EJ8G', 'U03P8MY0DR7', 'U03PKR5DAQY', 'U03SRBYBAET', 'U03TVL5E0M6', 'U05A7HC8FF1', 'U05A7HCQPDM', 'U05A7HEQV71', 'U05A7HF1DJB', 'U05AFDRH8AJ', 'U05AFDTJEUW', 'U05AMVD19GT', 'U05AN02C0E7', 'U05AN3R7398', 'U05AQGJMMT6', 'U05BBQD8SKS', 'U05BBQEGSL8', 'U05H6DGRMRQ', 'U05HK2S6TLZ', 'U05MZL0DLVC']","[{'id': '1660854360.325139', 'type': 'C', 'created': 1660854367, 'user': 'U0238V5LB40', 'owner': 'U0238V5LB40'}]","{'value': '', 'creator': '', 'last_set': 0}","{'value': 'Use this channel to share information about full-time and internship postings that you find :slightly_smiling_face:', 'creator': 'U0238V5LB40', 'last_set': 1660854420}"
C03V4596YQ0,international2024,1660939726,U03LCGSATRU,False,False,"['U022KBV79MH', 'U03L4GP8ZMM', 'U03L4GQK4KZ', 'U03LCGQCM2S', 'U03LCGSATRU', 'U03LG779KGD', 'U03LK39EPB5', 'U03LK4ZPZ4J', 'U03LMGSGBQC', 'U03LMGX6W1J', 'U03LMGXDFB6', 'U03LXQBTQJV', 'U03LXQCEVKK', 'U03LXQFU5SM', 'U03M8T51VUY']",,"{'value': '', 'creator': '', 'last_set': 0}","{'value': 'International student cohort ', 'creator': 'U03LCGSATRU', 'last_set': 1660939727}"
C040A6FLQUV,christine,1661890031,U022RAB8Z0C,False,False,"['U015X3X6879', 'U016AEMQBNH', 'U0171LXH940', 'U022G387QE9', 'U022G38TVBP', 'U022G39K87P', 'U022KBV79MH', 'U022RACMF9S', 'U023GGYV37G', 'U023PGS313M', 'U025VQHBG2K', 'U026AGC0FDY', 'U026ANC3WH1', 'U0270795M40', 'U03AVEWPUQN', 'U03L4GLKLTZ', 'U03L4GN325D', 'U03L4GP8ZMM', 'U03L4GPCL5V', 'U03L4GQK4KZ', 'U03L4GSNM7Z', 'U03L4GT3B55', 'U03L4GUGBF1', 'U03L4HB0BM5', 'U03L57R4HN3', 'U03LCGL1GK0', 'U03LCGM9XML', 'U03LCGQ9L6S', 'U03LCGQCM2S', 'U03LCGQP0LW', 'U03LCGSATRU', 'U03LG75NYSZ', 'U03LG763EKF', 'U03LG776WFP', 'U03LG779KGD', 'U03LG78FBEZ', 'U03LG7BV35K', 'U03LG7C5QAH', 'U03LG7C9P8V', 'U03LG7DG3TP', 'U03LG7DNSUV', 'U03LGTR0KV3', 'U03LK385119', 'U03LK39EPB5', 'U03LK39LQ2F', 'U03LK39PKRR', 'U03LK3AD1V1', 'U03LK3D5N2X', 'U03LK3EKMNF', 'U03LK4YBK7C', 'U03LK4YF3A6', 'U03LK4YJGQJ', 'U03LK4ZPZ4J', 'U03LK5045V0', 'U03LK5295DY', 'U03LK52CR7U', 'U03LK52VCQ2', 'U03LK533VR8', 'U03LK551XFU', 'U03LK56AUHG', 'U03LK56EXJN', 'U03LKPR602X', 'U03LKPR8N75', 'U03LKPRD403', 'U03LMGSGBQC', 'U03LMGTRFN0', 'U03LMGV8Y12', 'U03LMGX6W1J', 'U03LMGXA3FW', 'U03LMGXDFB6', 'U03LMGYLSR2', 'U03LN7VEH2Q', 'U03LXQBTQJV', 'U03LXQCEVKK', 'U03LXQCJA81', 'U03LXQCM22D', 'U03LXQE14NM', 'U03LXQFQS3B', 'U03LXQFU5SM', 'U03LXQH03LZ', 'U03LXQH9QMP', 'U03LXQHD7T3', 'U03LXQLBGCR', 'U03LYFFN24R', 'U03LYFGDW8H', 'U03M8T51VUY', 'U03M8T6EJ8G', 'U03M8T6PC0G', 'U03M8T8358Q', 'U03M8T87HDE', 'U03M8T8B96C', 'U03M8T9G2GY', 'U03M8T9K6SU', 'U03M8TBLWTA', 'U03M8TCTA6L', 'U03M9J7V2RE', 'U03NPEEM6T0', 'U03NPEF1L78', 'U03NT59U8BF', 'U03NW11HA9H', 'U03NW11JH19', 'U03P8MY0DR7', 'U03PKR5881E', 'U03PKR5DAQY', 'U03PKR5GQUQ', 'U03QG4K7LUE', 'U03SRBYBAET', 'U03SRBYGAKZ', 'U03SZAWQBM4', 'U03TVL5E0M6', 'U03TVL5L37A', 'U03TVL5QZFA', 'U03UV6770V9', 'U04JNQ08QPM', 'U05A7HC8FF1', 'U05A7HCQPDM', 'U05A7HD4XE3', 'U05A7HE11LP', 'U05A7HE2M8X', 'U05A7HE5MTR', 'U05A7HE9NG7', 'U05A7HEBCDV', 'U05A7HEQV71', 'U05A7HF1DJB', 'U05A7HFLX63', 'U05AFDRFJ3Y', 'U05AFDRH8AJ', 'U05AFDSCK4N', 'U05AFDSJH70', 'U05AFDT9DQW', 'U05AFDTCW14', 'U05AFDTJEUW', 'U05AFDU25LN', 'U05AFDU878E', 'U05AK5FTUSZ', 'U05AK5GQJ5B', 'U05AK5HHLVB', 'U05AK5HTE77', 'U05AK5J04P7', 'U05AMVCFVU3', 'U05AMVCTLRZ', 'U05AMVCV3RR', 'U05AMVD19GT', 'U05AN0097RR', 'U05AN015NSX', 'U05AN01UD1R', 'U05AN02C0E7', 'U05AN3R7398', 'U05AN3RHCBC', 'U05AN3RPDFU', 'U05AN3SNYRY', 'U05AN3TCTSN', 'U05AQGH66G4', 'U05AQGJ30BE', 'U05AQGJMMT6', 'U05AQGJRCNQ', 'U05B0NF7Y57', 'U05B0NFJ1S5', 'U05B0NFQNHX', 'U05B0NFT057', 'U05B0NGPZTK', 'U05B0NHD3LZ', 'U05B0NHGDG9', 'U05BBQCRFU0', 'U05BBQD8SKS', 'U05BBQDA9K2', 'U05BBQDBU3S', 'U05BBQDD9DW', 'U05BBQDP59N', 'U05BBQEGSL8', 'U05BBQEJNTA', 'U05BBQFD4V6', 'U05BBQFJ056', 'U05BBQG6MKJ', 'U05BBQG8FTJ', 'U05D1CFKBJT', 'U05D98WQKFG', 'U05D98WS6FQ', 'U05DD0QU5MK', 'U05DD0R0XHB', 'U05DD0R2J6R', 'U05DD0R44G5', 'U05DFQMUJTD', 'U05DFQNU4EP', 'U05DFU87M98', 'U05DJBLM29J', 'U05DJBMDG0L', 'U05DUHAKG8Z', 'U05DW80RSQM', 'U05E5KMHERE', 'U05E5KN7JPJ', 'U05GRT17A87', 'U05GRT1CQNB', 'U05GZPF8ZGW', 'U05GZPFBQ7Q', 'U05GZPFH7SA', 'U05GZPFK90W', 'U05GZPFLMPG', 'U05GZPFMAA2', 'U05H3FMA00M', 'U05H6A4184T', 'U05H6DGRMRQ', 'U05H8SL2HFE', 'U05HK2S6TLZ', 'U05HK2SC7SM', 'U05HK2SEC8H', 'U05HW4UU20Y', 'U05MZL07Q78', 'U05MZL0CBF0', 'U05MZL0DLVC', 'U05MZL0EKHU', 'U05P4AM7D44', 'U05PQ5BK2R2', 'U05QMDS4F1S']","[{'id': '1662048772.989799', 'type': 'C', 'created': 1662048778, 'user': 'U022RAB8Z0C', 'owner': 'U022RAB8Z0C'}]","{'value': '', 'creator': '', 'last_set': 0}","{'value': 'Program Announcements', 'creator': 'U022RAB8Z0C', 'last_set': 1661890032}"
C0433QH7AA3,investment-banking,1663868307,U022G353CDT,False,False,"['U022KBV79MH', 'U023GGYV37G', 'U026AGC0FDY', 'U03LK3EKMNF', 'U03LMGS73J8', 'U03LMGV8Y12', 'U03LXQHD7T3', 'U03LYFFN24R', 'U03M8T51VUY', 'U03M9J7V2RE', 'U03SRBYBAET', 'U03SZAWQBM4', 'U03TVL5QZFA', 'U03UV6770V9', 'U05AFDSJH70', 'U05AFDU878E', 'U05AK5HHLVB', 'U05B0NF7Y57', 'U05B0NFQNHX', 'U05BBQFD4V6', 'U05DD0R0XHB', 'U05DFQNU4EP', 'U05GRT17A87', 'U05GZPFBQ7Q']",,"{'value': '', 'creator': '', 'last_set': 0}","{'value': '', 'creator': '', 'last_set': 0}"
C04998TE44E,team-formerly-known-as-the-rats,1667532128,U03LCGM9XML,False,False,"['U03LCGM9XML', 'U03LGTR0KV3', 'U03LK551XFU', 'U03LMGTRFN0']",,"{'value': '', 'creator': '', 'last_set': 0}","{'value': 'Long live the rat cabinet', 'creator': 'U03LGTR0KV3', 'last_set': 1667532207}"
C0499MYJVPZ,adam-smith-society,1667782717,U022K5HGX6W,False,False,"['U0171LXH940', 'U023GGYV37G', 'U03LG776WFP', 'U03LG7BV35K', 'U03LG7DNSUV', 'U03LK39LQ2F', 'U03LK39PKRR', 'U03LK3EKMNF', 'U03LK4YF3A6', 'U03LMGV8Y12', 'U03LXQCEVKK', 'U03LXQCM22D', 'U03M8T51VUY', 'U03M8T8358Q', 'U03M8T87HDE', 'U03NW11JH19', 'U03PKR5881E', 'U03TVL5QZFA', 'U05A7HD4XE3', 'U05AFDSJH70', 'U05AK5HHLVB', 'U05AK5HTE77', 'U05AN0097RR', 'U05AN02C0E7', 'U05B0NF7Y57', 'U05B0NFJ1S5', 'U05BBQEJNTA', 'U05GZPFH7SA', 'U05HK2SEC8H']",,"{'value': '', 'creator': '', 'last_set': 0}","{'value': '', 'creator': '', 'last_set': 0}"
C04G04YAU7N,vcic-2023,1671497428,U022CBZP406,False,False,"['U03LMGYLSR2', 'U05A7HEBCDV', 'U05MZL0CBF0']","[{'id': '1675299561.115829', 'type': 'C', 'created': 1675299569, 'user': 'U022XPPLHED', 'owner': 'U03LMGYLSR2'}]","{'value': '', 'creator': '', 'last_set': 0}","{'value': 'Regional &amp; National VCIC Competition Team', 'creator': 'U022CBZP406', 'last_set': 1671497429}"
C04LMRJHQE9,vcic-with-first-years-2023,1674757825,U029RUTHCDQ,False,False,"['U03LG7BV35K', 'U03LMGYLSR2', 'U03M9J7V2RE', 'U05A7HEBCDV']",,"{'value': '', 'creator': '', 'last_set': 0}","{'value': ""VCIC '23 with first years' help"", 'creator': 'U029RUTHCDQ', 'last_set': 1674757826}"
C04M3LFR5HS,lets_mess_with_texas,1675024055,U03LCGM9XML,False,False,"['U023PGS313M', 'U03L4GQK4KZ', 'U03L4GSNM7Z', 'U03L4GT3B55', 'U03LCGQ9L6S', 'U03LMGSGBQC', 'U03LXQE14NM', 'U03LXQH03LZ', 'U03LXQH9QMP', 'U03M8T6PC0G', 'U03M8T9K6SU', 'U03NW11JH19', 'U03PKR5GQUQ', 'U03SRBYBAET']",,"{'value': '', 'creator': '', 'last_set': 0}","{'value': '', 'creator': '', 'last_set': 0}"
C04PUCRNEP3,2023-internships-rescue-brigade,1676349690,U03M8T51VUY,False,False,"['U022KBV79MH', 'U03LK4ZPZ4J', 'U03LMGXDFB6', 'U03M8T51VUY']",,"{'value': '', 'creator': '', 'last_set': 0}","{'value': 'Para ayudarnos en info que sepamos y comaprtir', 'creator': 'U03M8T51VUY', 'last_set': 1676349690}"
C04RJRA51HA,scubacrew,1677520155,U03NW11JH19,False,False,"['U03FLL6PB99', 'U03LK4YF3A6']",,"{'value': '', 'creator': '', 'last_set': 0}","{'value': 'getting scuba certified for cheap is fun', 'creator': 'U03NW11JH19', 'last_set': 1677520156}"
C04U547UUDQ,sca-leadership,1678907812,U03NW11JH19,False,False,"['U03LCGQCM2S', 'U03LGTR0KV3', 'U03LK3EKMNF', 'U03NW11JH19', 'U03PKR5881E', 'U03UV6770V9']",,"{'value': '', 'creator': '', 'last_set': 0}","{'value': '', 'creator': '', 'last_set': 0}"
C04V5TUNFR7,savage-scholars2024,1679331099,U0224CBQFUP,False,False,"['U023PGS313M', 'U03L4GLKLTZ', 'U03L4GN325D', 'U03LCGQP0LW', 'U03LG779KGD', 'U03LG7C9P8V', 'U03LG7DG3TP', 'U03LK385119', 'U03LK39EPB5', 'U03LK39LQ2F', 'U03LK4ZPZ4J', 'U03LK533VR8', 'U03LK551XFU', 'U03LKPR8N75', 'U03LMGTRFN0', 'U03LMGX6W1J', 'U03LMGXA3FW', 'U03LN7VEH2Q', 'U03LXQCJA81', 'U03LXQFQS3B', 'U03M8T9K6SU', 'U03NW11JH19']","[{'id': '1695404410.143539', 'type': 'C', 'created': 1695759287, 'user': 'U03LG779KGD', 'owner': 'U03LN7VEH2Q'}]","{'value': '', 'creator': '', 'last_set': 0}","{'value': '', 'creator': '', 'last_set': 0}"
C050N42E9MX,pro-sems,1679759354,U03LCGQP0LW,False,False,"['U0171LXH940', 'U03L4GLKLTZ', 'U03L4GN325D', 'U03L4GP8ZMM', 'U03L4GPCL5V', 'U03L4GSNM7Z', 'U03L4GT3B55', 'U03L57R4HN3', 'U03LCGM9XML', 'U03LCGQP0LW', 'U03LG763EKF', 'U03LG776WFP', 'U03LG779KGD', 'U03LG78FBEZ', 'U03LG7BV35K', 'U03LG7C9P8V', 'U03LG7DG3TP', 'U03LGTR0KV3', 'U03LK385119', 'U03LK3AD1V1', 'U03LK4YBK7C', 'U03LK4YF3A6', 'U03LK4ZPZ4J', 'U03LK5295DY', 'U03LK52CR7U', 'U03LK52VCQ2', 'U03LK533VR8', 'U03LK56AUHG', 'U03LK56EXJN', 'U03LMGS73J8', 'U03LMGSGBQC', 'U03LMGV8Y12', 'U03LMGYLSR2', 'U03LXQBTQJV', 'U03LXQCEVKK', 'U03LXQCJA81', 'U03LXQCM22D', 'U03LXQE14NM', 'U03LXQFQS3B', 'U03LXQH9QMP', 'U03M8T51VUY', 'U03M8T6EJ8G', 'U03M8T8358Q', 'U03M8T9K6SU', 'U03M8TBLWTA', 'U03P8MY0DR7', 'U03PKR5881E', 'U03PKR5GQUQ', 'U03SRBYBAET', 'U03SZAWQBM4', 'U03TVL5E0M6', 'U03TVL5L37A', 'U03TVL5QZFA', 'U04JNQ08QPM', 'U05A7HC8FF1', 'U05A7HCQPDM', 'U05A7HD4XE3', 'U05A7HE11LP', 'U05A7HE5MTR', 'U05A7HE9NG7', 'U05A7HEBCDV', 'U05A7HEQV71', 'U05A7HF1DJB', 'U05AFDRFJ3Y', 'U05AFDRH8AJ', 'U05AFDS264E', 'U05AFDSCK4N', 'U05AFDSJH70', 'U05AFDT9DQW', 'U05AFDTJEUW', 'U05AFDU878E', 'U05AK5FTUSZ', 'U05AK5GQJ5B', 'U05AK5HHLVB', 'U05AK5J04P7', 'U05AMVCTLRZ', 'U05AMVCV3RR', 'U05AMVD19GT', 'U05AN0097RR', 'U05AN015NSX', 'U05AN01UD1R', 'U05AN02C0E7', 'U05AN3R7398', 'U05AN3RHCBC', 'U05AN3TCTSN', 'U05AQGJ30BE', 'U05AQGJMMT6', 'U05AQGJRCNQ', 'U05B0NF7Y57', 'U05B0NFJ1S5', 'U05B0NFT057', 'U05B0NGPZTK', 'U05B0NHD3LZ', 'U05B0NHGDG9', 'U05BBQCRFU0', 'U05BBQD8SKS', 'U05BBQDA9K2', 'U05BBQDBU3S', 'U05BBQDP59N', 'U05BBQEGSL8', 'U05BBQEJNTA', 'U05BBQFD4V6', 'U05BBQFJ056', 'U05BBQG6MKJ', 'U05BBQG8FTJ', 'U05BQNKAUSX', 'U05D1CFKBJT', 'U05D98WQKFG', 'U05D98WS6FQ', 'U05DD0QU5MK', 'U05DD0R0XHB', 'U05DD0R2J6R', 'U05DD0R44G5', 'U05DFQNU4EP', 'U05DFU87M98', 'U05DUHAKG8Z', 'U05DW80RSQM', 'U05E5KMHERE', 'U05GZPF8ZGW', 'U05GZPFBQ7Q', 'U05GZPFH7SA', 'U05GZPFK90W', 'U05GZPFMAA2', 'U05H6DGRMRQ', 'U05H8SL2HFE', 'U05HK2S6TLZ', 'U05HK2SC7SM', 'U05HK2SEC8H', 'U05HW4UU20Y', 'U05MZL0CBF0', 'U05MZL0DLVC', 'U05MZL0EKHU', 'U05PQ5BK2R2', 'U05RSF4NN49', 'U05S2RNN0RW']","[{'id': '1693480211.577229', 'type': 'C', 'created': 1693537763, 'user': 'U03LCGQP0LW', 'owner': 'U03LCGM9XML'}, {'id': '1693841414.498909', 'type': 'C', 'created': 1693841429, 'user': 'U03LG7C9P8V', 'owner': 'U03LG7C9P8V'}]","{'value': 'Professional Seminar Info', 'creator': 'U03LCGQP0LW', 'last_set': 1693402401}","{'value': 'Communication for all track pro-sems in one combined channel.\n\nGoal is to encourage pro-sem attendance across all tracks.', 'creator': 'U03LCGQP0LW', 'last_set': 1693402433}"
C052EB8AQRX,2024-cruise,1680747231,U03LXQE14NM,False,False,"['U03L4GLKLTZ', 'U03L4GQK4KZ', 'U03L4GSNM7Z', 'U03L4GT3B55', 'U03L4GUGBF1', 'U03L4HB0BM5', 'U03L57R4HN3', 'U03LCGM9XML', 'U03LCGQ9L6S', 'U03LCGQCM2S', 'U03LCGQP0LW', 'U03LG75NYSZ', 'U03LG776WFP', 'U03LG7BV35K', 'U03LG7C5QAH', 'U03LG7DG3TP', 'U03LG7DNSUV', 'U03LK385119', 'U03LK39EPB5', 'U03LK39LQ2F', 'U03LK39PKRR', 'U03LK3D5N2X', 'U03LK4YBK7C', 'U03LK4YF3A6', 'U03LK4YJGQJ', 'U03LK5045V0', 'U03LK5295DY', 'U03LK533VR8', 'U03LK551XFU', 'U03LK56AUHG', 'U03LK56EXJN', 'U03LKPR602X', 'U03LKPR8N75', 'U03LKPRD403', 'U03LMGSGBQC', 'U03LMGXA3FW', 'U03LMGXDFB6', 'U03LMGYLSR2', 'U03LN7VEH2Q', 'U03LXQBTQJV', 'U03LXQCEVKK', 'U03LXQCJA81', 'U03LXQCM22D', 'U03LXQE14NM', 'U03LXQFQS3B', 'U03LXQH03LZ', 'U03LXQH9QMP', 'U03LXQHD7T3', 'U03LXQLBGCR', 'U03LYFFN24R', 'U03M8T6PC0G', 'U03M8T8358Q', 'U03M8T87HDE', 'U03M8T9K6SU', 'U03NW11HA9H', 'U03NW11JH19', 'U03P8MY0DR7', 'U03PKR5881E', 'U03PKR5DAQY', 'U03PKR5GQUQ', 'U03QG4K7LUE', 'U03SRBYGAKZ', 'U03TVL5QZFA']",,"{'value': '', 'creator': '', 'last_set': 0}","{'value': 'Bid your MBA experience farewell by setting sail into a beautiful ocean sunset!  On your way to the big leagues of corporate America, take a tropical detour through paradise with your closest BYU MBA friends! #dobeing', 'creator': 'U03LXQE14NM', 'last_set': 1680755078}"
C05ALCU697Y,2025marketers,1685738727,U03L57R4HN3,False,False,"['U03L57R4HN3', 'U03LCGM9XML', 'U03LG763EKF', 'U03LK3D5N2X', 'U03LK4YF3A6', 'U03LK56EXJN', 'U03LXQCJA81', 'U03LXQCM22D', 'U03LXQE14NM', 'U03M8T6EJ8G', 'U03M8T87HDE', 'U03PKR5DAQY', 'U03TVL5E0M6', 'U05A7HC8FF1', 'U05A7HCQPDM', 'U05A7HE11LP', 'U05A7HEBCDV', 'U05A7HEQV71', 'U05A7HF1DJB', 'U05AFDRH8AJ', 'U05AFDTCW14', 'U05AFDTJEUW', 'U05AMVD19GT', 'U05AN0097RR', 'U05AN01UD1R', 'U05AN02C0E7', 'U05AN3R7398', 'U05AN3SNYRY', 'U05AQGJMMT6', 'U05AQGJRCNQ', 'U05B0NHGDG9', 'U05BBQD8SKS', 'U05BBQEGSL8', 'U05BBQG6MKJ', 'U05BQNKAUSX', 'U05DFQMUJTD', 'U05DJBLM29J', 'U05GRT1CQNB', 'U05GZPF8ZGW', 'U05H6DGRMRQ', 'U05HK2S6TLZ', 'U05HK2SC7SM', 'U05MZL0DLVC', 'U05MZL0EKHU']",,"{'value': '', 'creator': '', 'last_set': 0}","{'value': '', 'creator': '', 'last_set': 0}"
C05AXDA0AUU,hr2025,1685824706,U05AN015NSX,False,False,"['U03LK39PKRR', 'U03LK52VCQ2', 'U03M8TCTA6L', 'U03TVL5E0M6', 'U04JNQ08QPM', 'U05A7HE2M8X', 'U05A7HFLX63', 'U05AK5J04P7', 'U05AN015NSX', 'U05AN3RPDFU', 'U05B0NFT057', 'U05BBQDBU3S', 'U05BBQDD9DW', 'U05BBQDP59N', 'U05BBQFJ056', 'U05D1CFKBJT', 'U05GZPF8ZGW', 'U05H8SL2HFE', 'U05HW4UU20Y', 'U05LH2ELNE7', 'U05MZL07Q78']",,"{'value': '', 'creator': '', 'last_set': 0}","{'value': 'Channel for members of the Strategic Human Resources (SHR) track in the class of 2025. For HR recruiting resources, a channel was created in 2019: <#CP1DCKR9T|hr_recruiting>', 'creator': 'U05AN015NSX', 'last_set': 1685825092}"
C05D1RD4PUN,course-catalog,1687217722,U03LK533VR8,False,False,"['U0171LYGQ2U', 'U03L4GP8ZMM', 'U03L4GQK4KZ', 'U03L4GT3B55', 'U03L4GUGBF1', 'U03LCGQ9L6S', 'U03LCGQP0LW', 'U03LG75NYSZ', 'U03LG763EKF', 'U03LG7BV35K', 'U03LG7C5QAH', 'U03LG7C9P8V', 'U03LK39EPB5', 'U03LK39LQ2F', 'U03LK39PKRR', 'U03LK3AD1V1', 'U03LK3D5N2X', 'U03LK4YBK7C', 'U03LK4YF3A6', 'U03LK4ZPZ4J', 'U03LK5295DY', 'U03LK52CR7U', 'U03LK52VCQ2', 'U03LK533VR8', 'U03LK56AUHG', 'U03LK56EXJN', 'U03LKPRD403', 'U03LMGSGBQC', 'U03LMGXA3FW', 'U03LMGXDFB6', 'U03LMGYLSR2', 'U03LN7VEH2Q', 'U03LXQCEVKK', 'U03LYFFN24R', 'U03M8T51VUY', 'U03M8T8B96C', 'U03M8T9K6SU', 'U03M8TCTA6L', 'U03P8MY0DR7', 'U03PKR5881E', 'U03PKR5DAQY', 'U03SRBYBAET', 'U03SZAWQBM4', 'U03TVL5E0M6', 'U03TVL5L37A', 'U03TVL5QZFA', 'U03UV6770V9', 'U05A7HD4XE3', 'U05A7HE11LP', 'U05A7HE5MTR', 'U05AFDRH8AJ', 'U05AFDSCK4N', 'U05AK5FTUSZ', 'U05AK5GQJ5B', 'U05AK5HTE77', 'U05AMVCTLRZ', 'U05AN0097RR', 'U05AN015NSX', 'U05AN01UD1R', 'U05AN02C0E7', 'U05AN3RHCBC', 'U05B0NFJ1S5', 'U05B0NFT057', 'U05B0NHGDG9', 'U05BBQCRFU0', 'U05BBQDP59N', 'U05BBQFD4V6', 'U05BBQFJ056', 'U05BBQG8FTJ', 'U05D98WS6FQ', 'U05DD0R2J6R', 'U05DD0R44G5', 'U05DFU87M98', 'U05GRT1CQNB', 'U05GZPFMAA2', 'U05H8SL2HFE', 'U05HK2S6TLZ', 'U05HK2SC7SM', 'U05MZL0EKHU', 'U05RSF4NN49']","[{'id': '1687218955.835699', 'type': 'C', 'created': 1687538675, 'user': 'U03LK533VR8', 'owner': 'U03LK533VR8'}]","{'value': '', 'creator': '', 'last_set': 0}","{'value': ""A place for all those class reviews: the GOATs, the overrated, and all the other courses/professors in between.\n\nMBA classes, SWELL classes, undergrad classes. It's all fair game!"", 'creator': 'U03LK533VR8', 'last_set': 1687218195}"
C05EHFFKZ28,internationals2025,1687873998,U03LMGSGBQC,False,False,"['U03LG763EKF', 'U03LMGS73J8', 'U03LMGSGBQC', 'U03LMGXDFB6', 'U03M8T51VUY', 'U03M8T6EJ8G', 'U03PKR5881E', 'U03TVL5E0M6', 'U05A7HCQPDM', 'U05A7HD4XE3', 'U05A7HF1DJB', 'U05AFDRFJ3Y', 'U05AFDT9DQW', 'U05AFDTCW14', 'U05AFDU878E', 'U05AK5FTUSZ', 'U05AK5J04P7', 'U05AN01UD1R', 'U05AN02C0E7', 'U05AN3R7398', 'U05AN3TCTSN', 'U05AQGJ30BE', 'U05AQGJMMT6', 'U05AQGJRCNQ', 'U05B0NFQNHX', 'U05B0NHGDG9', 'U05BBQD8SKS', 'U05BBQEGSL8', 'U05BBQFD4V6', 'U05D98WQKFG', 'U05DW80RSQM', 'U05GZPF8ZGW']",,"{'value': '', 'creator': '', 'last_set': 0}","{'value': '', 'creator': '', 'last_set': 0}"
C05F4DRNGJ0,national-black-2023,1688135983,U05AFDRH8AJ,False,False,"['U0171LXH940', 'U023GGYV37G', 'U03L57R4HN3', 'U03LCGQCM2S', 'U03LK39PKRR', 'U03LK3AD1V1', 'U03LK3D5N2X', 'U03LK4YF3A6', 'U03LMGSGBQC', 'U03LMGXA3FW', 'U03LMGXDFB6', 'U03LXQCEVKK', 'U03LXQCM22D', 'U03LXQE14NM', 'U03LXQLBGCR', 'U03M8T6EJ8G', 'U03M8T87HDE', 'U03M8T9G2GY', 'U03M8TBLWTA', 'U03TVL5E0M6', 'U05A7HC8FF1', 'U05A7HCQPDM', 'U05A7HD4XE3', 'U05A7HEBCDV', 'U05AFDRFJ3Y', 'U05AFDRH8AJ', 'U05AFDSCK4N', 'U05AFDTJEUW', 'U05AFDU878E', 'U05AK5FTUSZ', 'U05AMVD19GT', 'U05AN0097RR', 'U05AN3SNYRY', 'U05AN3TCTSN', 'U05B0NF7Y57', 'U05BBQCRFU0', 'U05BBQD8SKS', 'U05BBQDD9DW', 'U05BBQEGSL8', 'U05BBQEJNTA', 'U05BBQFD4V6', 'U05BBQFJ056', 'U05BQNKAUSX', 'U05D1CFKBJT', 'U05DD0QU5MK', 'U05DD0R2J6R', 'U05DJBMDG0L', 'U05E5KMHERE', 'U05E5KN7JPJ', 'U05GZPFMAA2', 'U05H6A4184T', 'U05H6DGRMRQ', 'U05HK2SC7SM', 'U05HK2SEC8H', 'U05HW4UU20Y', 'U05MZL0DLVC', 'U05MZL0EKHU']",,"{'value': '', 'creator': '', 'last_set': 0}","{'value': '', 'creator': '', 'last_set': 0}"
C05P0B271LH,temple-trips,1692569245,U05BBQDP59N,False,False,"['U03L4GUGBF1', 'U03L57R4HN3', 'U03LK3D5N2X', 'U03LK4YBK7C', 'U03LK4YF3A6', 'U03LK5045V0', 'U03LK52CR7U', 'U03LMGYLSR2', 'U03LXQCEVKK', 'U03LXQCJA81', 'U03PKR5881E', 'U03TVL5QZFA', 'U05AFDRH8AJ', 'U05AFDTJEUW', 'U05AK5FTUSZ', 'U05AMVD19GT', 'U05AN015NSX', 'U05AN02C0E7', 'U05BBQDBU3S', 'U05BBQDP59N', 'U05BBQFJ056', 'U05BBQG6MKJ', 'U05BQNKAUSX', 'U05GZPF8ZGW', 'U05GZPFMAA2', 'U05H6A4184T', 'U05HK2S6TLZ', 'U05HW4UU20Y', 'U05MZL07Q78']",,"{'value': '', 'creator': '', 'last_set': 0}","{'value': '', 'creator': '', 'last_set': 0}"
C05QYR5PGUX,operations_mba530_fall_23,1694101433,U03LK533VR8,False,False,"['U03LG763EKF', 'U03LK533VR8', 'U03LMGYLSR2', 'U03M8TBLWTA', 'U03TVL5E0M6', 'U05A7HC8FF1', 'U05A7HCQPDM', 'U05A7HE11LP', 'U05A7HE2M8X', 'U05A7HE5MTR', 'U05A7HE9NG7', 'U05A7HEBCDV', 'U05AFDRH8AJ', 'U05AFDS264E', 'U05AFDSCK4N', 'U05AFDSJH70', 'U05AFDTJEUW', 'U05AFDU878E', 'U05AK5FTUSZ', 'U05AK5GQJ5B', 'U05AK5HTE77', 'U05AMVCTLRZ', 'U05AMVCV3RR', 'U05AN015NSX', 'U05AN01UD1R', 'U05AN02C0E7', 'U05AN3R7398', 'U05AN3RHCBC', 'U05AN3RPDFU', 'U05AN3TCTSN', 'U05AQGJMMT6', 'U05AQGJRCNQ', 'U05B0NFJ1S5', 'U05B0NFQNHX', 'U05B0NFT057', 'U05B0NGPZTK', 'U05B0NHD3LZ', 'U05B0NHGDG9', 'U05BBQCRFU0', 'U05BBQD8SKS', 'U05BBQDA9K2', 'U05BBQDD9DW', 'U05BBQDP59N', 'U05BBQEJNTA', 'U05BBQFD4V6', 'U05BBQFJ056', 'U05BQNKAUSX', 'U05D1CFKBJT', 'U05D98WS6FQ', 'U05DD0QU5MK', 'U05DD0R0XHB', 'U05DD0R2J6R', 'U05DD0R44G5', 'U05DFQMUJTD', 'U05DFU87M98', 'U05DJBMDG0L', 'U05E5KMHERE', 'U05E5KN7JPJ', 'U05GZPFBQ7Q', 'U05GZPFH7SA', 'U05GZPFMAA2', 'U05H6DGRMRQ', 'U05H8SL2HFE', 'U05HK2S6TLZ', 'U05HK2SC7SM', 'U05HK2SEC8H', 'U05HW4UU20Y', 'U05MZL07Q78', 'U05MZL0DLVC']","[{'id': '1695652492.368139', 'type': 'C', 'created': 1695652498, 'user': 'U03LK533VR8', 'owner': 'U03LK533VR8'}]","{'value': '', 'creator': '', 'last_set': 0}","{'value': '', 'creator': '', 'last_set': 0}"
C05R0F13BT8,managerialaccountingmba502,1694015162,U03LK39EPB5,False,False,"['U03L4GP8ZMM', 'U03L4GPCL5V', 'U03L4GQK4KZ', 'U03L4GT3B55', 'U03L4GUGBF1', 'U03L57R4HN3', 'U03LCGM9XML', 'U03LCGQ9L6S', 'U03LCGQCM2S', 'U03LCGQP0LW', 'U03LG75NYSZ', 'U03LG78FBEZ', 'U03LG7BV35K', 'U03LG7C9P8V', 'U03LG7DG3TP', 'U03LGTR0KV3', 'U03LK385119', 'U03LK39EPB5', 'U03LK39PKRR', 'U03LK3AD1V1', 'U03LK3D5N2X', 'U03LK3EKMNF', 'U03LK4YBK7C', 'U03LK4YF3A6', 'U03LK4YJGQJ', 'U03LK4ZPZ4J', 'U03LK5045V0', 'U03LK5295DY', 'U03LK52CR7U', 'U03LK52VCQ2', 'U03LK533VR8', 'U03LK56AUHG', 'U03LMGSGBQC', 'U03LMGV8Y12', 'U03LMGXA3FW', 'U03LMGXDFB6', 'U03LMGYLSR2', 'U03LN7V9M0U', 'U03LN7VEH2Q', 'U03LXQBTQJV', 'U03LXQCEVKK', 'U03LXQCJA81', 'U03LXQCM22D', 'U03LXQE14NM', 'U03LXQH9QMP', 'U03LXQHD7T3', 'U03LXQLBGCR', 'U03M8T51VUY', 'U03M8T8358Q', 'U03M8T9K6SU', 'U03M8TBLWTA', 'U03M8TCTA6L', 'U03M9J7V2RE', 'U03NW11JH19', 'U03P8MY0DR7', 'U03PKR5881E', 'U03PKR5DAQY', 'U03PKR5GQUQ', 'U03SRBYBAET', 'U03TVL5L37A', 'U03TVL5QZFA', 'U03UV6770V9', 'U04JNQ08QPM', 'U053FKXHPU2', 'U05A7HEBCDV', 'U05A7HF1DJB', 'U05AK5FTUSZ', 'U05AN3TCTSN', 'U05E5KN7JPJ', 'U05GZPF8ZGW']",,"{'value': '', 'creator': '', 'last_set': 0}","{'value': 'Channel to communicate with the TAs and other srudents about questions related to the MBA502 Managerial Accounting class.', 'creator': 'U03LK39EPB5', 'last_set': 1694015214}"
C05R2C2MGDC,corporatefinancialreporting-mba501,1694035492,U03LK39EPB5,False,False,"['U03LG763EKF', 'U03LK39EPB5', 'U03LXQH9QMP', 'U03M8T6EJ8G', 'U03SRBYBAET', 'U03TVL5E0M6', 'U05A7HC8FF1', 'U05A7HCQPDM', 'U05A7HD4XE3', 'U05A7HE11LP', 'U05A7HE2M8X', 'U05A7HEBCDV', 'U05A7HEQV71', 'U05AFDRFJ3Y', 'U05AFDRH8AJ', 'U05AFDSCK4N', 'U05AFDTJEUW', 'U05AFDU878E', 'U05AK5FTUSZ', 'U05AK5GQJ5B', 'U05AK5HHLVB', 'U05AK5HTE77', 'U05AK5J04P7', 'U05AMVCTLRZ', 'U05AMVCV3RR', 'U05AN0097RR', 'U05AN015NSX', 'U05AN01UD1R', 'U05AN02C0E7', 'U05AN3RHCBC', 'U05AN3RPDFU', 'U05AN3TCTSN', 'U05AQGJMMT6', 'U05AQGJRCNQ', 'U05B0NFJ1S5', 'U05B0NFQNHX', 'U05B0NFT057', 'U05B0NGPZTK', 'U05B0NHD3LZ', 'U05B0NHGDG9', 'U05BBQCRFU0', 'U05BBQD8SKS', 'U05BBQDBU3S', 'U05BBQDD9DW', 'U05BBQDP59N', 'U05BBQEJNTA', 'U05BBQFD4V6', 'U05BBQG8FTJ', 'U05BQNKAUSX', 'U05D98WQKFG', 'U05D98WS6FQ', 'U05DD0QU5MK', 'U05DD0R0XHB', 'U05DD0R2J6R', 'U05DD0R44G5', 'U05DFQNU4EP', 'U05DFU87M98', 'U05DJBMDG0L', 'U05DW80RSQM', 'U05E5KMHERE', 'U05E5KN7JPJ', 'U05GZPFBQ7Q', 'U05GZPFH7SA', 'U05GZPFMAA2', 'U05H6DGRMRQ', 'U05H8SL2HFE', 'U05HK2S6TLZ', 'U05HK2SC7SM', 'U05HK2SEC8H', 'U05HW4UU20Y', 'U05MZL07Q78', 'U05MZL0DLVC', 'U05MZL0EKHU']","[{'id': '1695054250.849449', 'type': 'C', 'created': 1696736601, 'user': 'U05A7HE11LP', 'owner': 'U03LK39EPB5'}]","{'value': '', 'creator': '', 'last_set': 0}","{'value': ""For first year's and TAs to share questions and answers related to the MBA501 class."", 'creator': 'U03LK39EPB5', 'last_set': 1694035552}"
C05R38H1HT8,leadership_mba505_fall23,1694053714,U03LMGXA3FW,False,False,"['U03LG763EKF', 'U03LK4YBK7C', 'U03LMGS73J8', 'U03LMGTRFN0', 'U03LMGXA3FW', 'U03M8T6EJ8G', 'U03TVL5E0M6', 'U05A7HC8FF1', 'U05A7HCQPDM', 'U05A7HD4XE3', 'U05A7HE11LP', 'U05A7HE2M8X', 'U05A7HE5MTR', 'U05A7HEBCDV', 'U05A7HEQV71', 'U05AFDRFJ3Y', 'U05AFDRH8AJ', 'U05AFDS264E', 'U05AFDSCK4N', 'U05AFDSJH70', 'U05AFDT9DQW', 'U05AFDTCW14', 'U05AFDTJEUW', 'U05AFDU878E', 'U05AK5FTUSZ', 'U05AK5GQJ5B', 'U05AK5HHLVB', 'U05AK5HTE77', 'U05AK5J04P7', 'U05AMVCTLRZ', 'U05AMVCV3RR', 'U05AMVD19GT', 'U05AN0097RR', 'U05AN015NSX', 'U05AN01UD1R', 'U05AN02C0E7', 'U05AN3R7398', 'U05AN3RHCBC', 'U05AN3RPDFU', 'U05AN3TCTSN', 'U05AQGJ30BE', 'U05AQGJMMT6', 'U05AQGJRCNQ', 'U05B0NF7Y57', 'U05B0NFJ1S5', 'U05B0NFQNHX', 'U05B0NFT057', 'U05B0NGPZTK', 'U05B0NHD3LZ', 'U05B0NHGDG9', 'U05BBQCRFU0', 'U05BBQD8SKS', 'U05BBQDA9K2', 'U05BBQDBU3S', 'U05BBQDD9DW', 'U05BBQDP59N', 'U05BBQEGSL8', 'U05BBQEJNTA', 'U05BBQFD4V6', 'U05BBQFJ056', 'U05BBQG6MKJ', 'U05BBQG8FTJ', 'U05BQNKAUSX', 'U05D1CFKBJT', 'U05D98WS6FQ', 'U05DD0QU5MK', 'U05DD0R0XHB', 'U05DD0R2J6R', 'U05DD0R44G5', 'U05DFQMUJTD', 'U05DFQNU4EP', 'U05DFU87M98', 'U05DJBMDG0L', 'U05DUHAKG8Z', 'U05DW80RSQM', 'U05E5KMHERE', 'U05E5KN7JPJ', 'U05GRT17A87', 'U05GZPF8ZGW', 'U05GZPFBQ7Q', 'U05GZPFH7SA', 'U05GZPFMAA2', 'U05H6A4184T', 'U05H6DGRMRQ', 'U05H8SL2HFE', 'U05HK2S6TLZ', 'U05HK2SC7SM', 'U05HK2SEC8H', 'U05HW4UU20Y', 'U05M4TRTJHY', 'U05MZL07Q78', 'U05MZL0CBF0', 'U05MZL0DLVC', 'U05MZL0EKHU']",,"{'value': '', 'creator': '', 'last_set': 0}","{'value': '', 'creator': '', 'last_set': 0}"
C05R6MTC7UM,marketing_mba550_fall_23,1694047671,U03L57R4HN3,False,False,"['U03L57R4HN3', 'U03LG763EKF', 'U03LK4YF3A6', 'U03LMGS73J8', 'U03LXQCJA81', 'U03M8T6EJ8G', 'U03TVL5E0M6', 'U05A7HC8FF1', 'U05A7HCQPDM', 'U05A7HD4XE3', 'U05A7HE11LP', 'U05A7HE2M8X', 'U05A7HE5MTR', 'U05A7HEBCDV', 'U05A7HEQV71', 'U05AFDRFJ3Y', 'U05AFDRH8AJ', 'U05AFDSCK4N', 'U05AFDTJEUW', 'U05AFDU878E', 'U05AK5FTUSZ', 'U05AK5GQJ5B', 'U05AK5HTE77', 'U05AK5J04P7', 'U05AMVCTLRZ', 'U05AMVCV3RR', 'U05AMVD19GT', 'U05AN0097RR', 'U05AN015NSX', 'U05AN01UD1R', 'U05AN02C0E7', 'U05AN3R7398', 'U05AN3RHCBC', 'U05AN3RPDFU', 'U05AN3TCTSN', 'U05AQGJMMT6', 'U05AQGJRCNQ', 'U05B0NFJ1S5', 'U05B0NFT057', 'U05B0NGPZTK', 'U05B0NHD3LZ', 'U05B0NHGDG9', 'U05BBQCRFU0', 'U05BBQD8SKS', 'U05BBQDBU3S', 'U05BBQDD9DW', 'U05BBQDP59N', 'U05BBQEJNTA', 'U05BBQFD4V6', 'U05BBQFJ056', 'U05BBQG6MKJ', 'U05BQNKAUSX', 'U05D1CFKBJT', 'U05D98WS6FQ', 'U05DD0QU5MK', 'U05DD0R0XHB', 'U05DD0R2J6R', 'U05DD0R44G5', 'U05DFQMUJTD', 'U05DFQNU4EP', 'U05DFU87M98', 'U05DJBMDG0L', 'U05DUHAKG8Z', 'U05E5KMHERE', 'U05E5KN7JPJ', 'U05GRT1CQNB', 'U05GZPF8ZGW', 'U05GZPFBQ7Q', 'U05GZPFH7SA', 'U05H6A4184T', 'U05H6DGRMRQ', 'U05H8SL2HFE', 'U05HK2S6TLZ', 'U05HK2SEC8H', 'U05HW4UU20Y', 'U05MZL07Q78', 'U05MZL0DLVC', 'U05MZL0EKHU']",,"{'value': '', 'creator': '', 'last_set': 0}","{'value': '', 'creator': '', 'last_set': 0}"
C05RBQF2E2Z,mba_520_ta_help,1694116059,U03LK4YJGQJ,False,False,"['U03LK4YJGQJ', 'U03LKPRD403', 'U03LMGS73J8', 'U03M8T6EJ8G', 'U03M8T9G2GY', 'U03NW11HA9H', 'U03SRBYBAET', 'U03TVL5E0M6', 'U03TVL5QZFA', 'U05A7HC8FF1', 'U05A7HCQPDM', 'U05A7HD4XE3', 'U05A7HE11LP', 'U05A7HE2M8X', 'U05A7HE5MTR', 'U05A7HE9NG7', 'U05A7HEBCDV', 'U05A7HEQV71', 'U05AFDRH8AJ', 'U05AFDSCK4N', 'U05AFDT9DQW', 'U05AFDTJEUW', 'U05AFDU878E', 'U05AK5FTUSZ', 'U05AK5GQJ5B', 'U05AK5HHLVB', 'U05AK5HTE77', 'U05AK5J04P7', 'U05AMVCTLRZ', 'U05AMVCV3RR', 'U05AMVD19GT', 'U05AN0097RR', 'U05AN015NSX', 'U05AN01UD1R', 'U05AN02C0E7', 'U05AN3RHCBC', 'U05AN3RPDFU', 'U05AN3TCTSN', 'U05AQGJ30BE', 'U05AQGJMMT6', 'U05AQGJRCNQ', 'U05B0NFJ1S5', 'U05B0NFQNHX', 'U05B0NFT057', 'U05B0NGPZTK', 'U05B0NHD3LZ', 'U05B0NHGDG9', 'U05BBQCRFU0', 'U05BBQD8SKS', 'U05BBQDP59N', 'U05BBQEJNTA', 'U05BBQFD4V6', 'U05BBQFJ056', 'U05BBQG8FTJ', 'U05D98WS6FQ', 'U05DD0QU5MK', 'U05DD0R0XHB', 'U05DD0R2J6R', 'U05DD0R44G5', 'U05DFQNU4EP', 'U05DFU87M98', 'U05DJBMDG0L', 'U05DUHAKG8Z', 'U05DW80RSQM', 'U05E5KMHERE', 'U05GZPFBQ7Q', 'U05GZPFH7SA', 'U05GZPFMAA2', 'U05H6DGRMRQ', 'U05H8SL2HFE', 'U05HK2S6TLZ', 'U05HK2SC7SM', 'U05HK2SEC8H', 'U05HW4UU20Y', 'U05M4TRTJHY', 'U05MZL07Q78', 'U05MZL0CBF0', 'U05MZL0DLVC', 'U05MZL0EKHU']","[{'id': '1695132681.986149', 'type': 'C', 'created': 1695141348, 'user': 'U03LK4YJGQJ', 'owner': 'U03NW11HA9H'}, {'id': '1695747210.238589', 'type': 'C', 'created': 1695747218, 'user': 'U03TVL5QZFA', 'owner': 'U03TVL5QZFA'}]","{'value': '', 'creator': '', 'last_set': 0}","{'value': '', 'creator': '', 'last_set': 0}"
C05RU4ZGWQZ,hr_mba548_ta_help,1694127966,U03LK3D5N2X,False,False,"['U03LG763EKF', 'U03LK3D5N2X', 'U03LK56AUHG', 'U03LMGS73J8', 'U03LXQCJA81', 'U03TVL5E0M6', 'U05A7HC8FF1', 'U05A7HCQPDM', 'U05A7HD4XE3', 'U05A7HE11LP', 'U05A7HE2M8X', 'U05A7HE5MTR', 'U05A7HEBCDV', 'U05A7HEQV71', 'U05AFDRFJ3Y', 'U05AFDRH8AJ', 'U05AFDSCK4N', 'U05AFDTJEUW', 'U05AFDU878E', 'U05AK5FTUSZ', 'U05AK5GQJ5B', 'U05AK5HTE77', 'U05AK5J04P7', 'U05AMVCTLRZ', 'U05AMVCV3RR', 'U05AN0097RR', 'U05AN015NSX', 'U05AN01UD1R', 'U05AN02C0E7', 'U05AN3RHCBC', 'U05AN3RPDFU', 'U05AN3TCTSN', 'U05AQGJMMT6', 'U05AQGJRCNQ', 'U05B0NFJ1S5', 'U05B0NFQNHX', 'U05B0NFT057', 'U05B0NGPZTK', 'U05B0NHD3LZ', 'U05B0NHGDG9', 'U05BBQCRFU0', 'U05BBQD8SKS', 'U05BBQDBU3S', 'U05BBQDP59N', 'U05BBQEGSL8', 'U05BBQEJNTA', 'U05BBQFD4V6', 'U05BBQFJ056', 'U05BBQG6MKJ', 'U05BQNKAUSX', 'U05D1CFKBJT', 'U05D98WS6FQ', 'U05DD0QU5MK', 'U05DD0R0XHB', 'U05DD0R2J6R', 'U05DD0R44G5', 'U05DFQNU4EP', 'U05DFU87M98', 'U05DJBMDG0L', 'U05DUHAKG8Z', 'U05E5KMHERE', 'U05E5KN7JPJ', 'U05GZPFBQ7Q', 'U05GZPFH7SA', 'U05GZPFMAA2', 'U05H6DGRMRQ', 'U05H8SL2HFE', 'U05HK2SEC8H', 'U05MZL07Q78', 'U05MZL0DLVC']",,"{'value': '', 'creator': '', 'last_set': 0}","{'value': '', 'creator': '', 'last_set': 0}"
C05RUEE1NJE,b2b_fall_2023,1694449942,U03LCGM9XML,False,False,"['U03L4GT3B55', 'U03LCGM9XML', 'U03LG776WFP', 'U03LG7BV35K', 'U03LGTR0KV3', 'U03LK5045V0', 'U03LKPR602X', 'U03LXQCEVKK', 'U03NW11HA9H', 'U03PKR5881E', 'U03PKR5DAQY', 'U03UV6770V9', 'U05PQ5BK2R2']","[{'id': '1695074567.861789', 'type': 'C', 'created': 1695074571, 'user': 'U03LXQCEVKK', 'owner': 'U03LXQCEVKK'}]","{'value': '', 'creator': '', 'last_set': 0}","{'value': '', 'creator': '', 'last_set': 0}"
C05SF2M6DLP,advancedbrandfall23,1695071847,U03L4GUGBF1,False,False,"['UKA415K3N', 'U03L4GSNM7Z', 'U03L4GUGBF1', 'U03L57R4HN3', 'U03LK3D5N2X', 'U03LK4YF3A6', 'U03LK52CR7U', 'U03LK56AUHG', 'U03LMGSGBQC', 'U03LXQCM22D', 'U03LXQLBGCR']",,"{'value': '', 'creator': '', 'last_set': 0}","{'value': '', 'creator': '', 'last_set': 0}"
C05SVNNFZ2N,asia_2023_reunion,1695074214,U03L4GT3B55,True,False,[],,"{'value': '', 'creator': '', 'last_set': 0}","{'value': '', 'creator': '', 'last_set': 0}"
C05T9G0G2E8,siliconslopessummitfall2023,1695230286,U03LK5295DY,False,False,"['U03LCGQCM2S', 'U03LK4YF3A6', 'U03LK5295DY', 'U03LMGS73J8', 'U03LMGSGBQC', 'U03LMGV8Y12', 'U03LXQCEVKK', 'U03LXQCM22D', 'U03M8T6EJ8G', 'U03PKR5GQUQ', 'U03TVL5QZFA', 'U05AK5FTUSZ', 'U05AK5J04P7', 'U05AN01UD1R', 'U05AN02C0E7', 'U05AQGJRCNQ', 'U05B0NFQNHX', 'U05D98WS6FQ', 'U05DD0R2J6R', 'U05DW80RSQM', 'U05GZPF8ZGW']",,"{'value': '', 'creator': '', 'last_set': 0}","{'value': '', 'creator': '', 'last_set': 0}"
C05TF1C540P,2024_southamerica,1695680035,U03L4GT3B55,False,False,"['U0171LXH940', 'U03L4GT3B55', 'U03L4GUGBF1', 'U03LCGQCM2S', 'U03LK39PKRR', 'U03LK3D5N2X', 'U03LK5045V0', 'U03LK56AUHG', 'U03LMGYLSR2', 'U03LXQBTQJV', 'U03LXQLBGCR', 'U03M8TBLWTA', 'U03P8MY0DR7', 'U03PKR5GQUQ', 'U03TVL5E0M6', 'U05A7HCQPDM', 'U05A7HD4XE3', 'U05AFDRH8AJ', 'U05AK5J04P7', 'U05AMVCTLRZ', 'U05AN3RPDFU', 'U05B0NHD3LZ', 'U05BBQFD4V6', 'U05BBQFJ056', 'U05BBQG8FTJ', 'U05DFQNU4EP', 'U05GZPFMAA2', 'U05H8SL2HFE', 'U05HK2S6TLZ', 'U05MZL0DLVC', 'U05RSF4NN49']",,"{'value': '', 'creator': '', 'last_set': 0}","{'value': '', 'creator': '', 'last_set': 0}"
C05TR8VQDDM,shpe-convention-2023,1695826525,U03LMGXDFB6,False,False,"['U0171LXH940', 'U023GGYV37G', 'U026ANC3WH1', 'U03LMGXDFB6', 'U03LN7VEH2Q', 'U03M8T51VUY', 'U03PKR5GQUQ', 'U03SRBYBAET', 'U03TVL5E0M6', 'U05AFDTCW14', 'U05AK5J04P7', 'U05AN02C0E7', 'U05AQGJMMT6', 'U05BBQCRFU0', 'U05BBQD8SKS', 'U05DFU87M98']",,"{'value': '', 'creator': '', 'last_set': 0}","{'value': '', 'creator': '', 'last_set': 0}"
C05UF1V4Q3D,billion-dollar-contract,1695957331,U03LXQE14NM,False,False,"['U03L57R4HN3', 'U03LCGM9XML', 'U03LK39EPB5', 'U03LK39PKRR', 'U03LK3D5N2X', 'U03LK4YF3A6', 'U03LK56AUHG', 'U03LK56EXJN', 'U03LMGYLSR2', 'U03LXQCEVKK', 'U03LXQCJA81', 'U03LXQCM22D', 'U03LXQE14NM', 'U03LXQFQS3B', 'U03LXQLBGCR', 'U03M8T6PC0G', 'U03M8T87HDE', 'U03NW11JH19', 'U03PKR5DAQY', 'U03TVL5QZFA', 'U05AFDTJEUW', 'U05AMVCTLRZ']","[{'id': '1695960584.052789', 'type': 'C', 'created': 1695960911, 'user': 'U03LXQE14NM', 'owner': 'U03LXQE14NM'}]","{'value': '', 'creator': '', 'last_set': 0}","{'value': '', 'creator': '', 'last_set': 0}"
C05V15MTY4Q,mba-656a,1695914628,U03L4HB0BM5,False,False,"['UKA415K3N', 'U022KBV79MH', 'U03L4HB0BM5', 'U03LCGM9XML', 'U03LG779KGD', 'U03LG78FBEZ', 'U03LGTR0KV3', 'U03LK39PKRR', 'U03LK5295DY', 'U03LK52CR7U', 'U03LMGX6W1J', 'U03LXQBTQJV', 'U03LXQFU5SM', 'U05A7HF1DJB']",,"{'value': '', 'creator': '', 'last_set': 0}","{'value': 'Ask questions about advanced analytics assignments', 'creator': 'U03L4HB0BM5', 'last_set': 1695915066}"
C06068M704R,hay-movers,1696465458,U03LK4YF3A6,False,False,"['U03L4HB0BM5', 'U03LK39EPB5', 'U03LK39PKRR', 'U03LK4YF3A6', 'U03LMGSGBQC', 'U03LMGYLSR2', 'U03LXQCJA81', 'U05A7HD4XE3', 'U05AN3TCTSN', 'U05BBQCRFU0', 'U05BBQFJ056']",,"{'value': '', 'creator': '', 'last_set': 0}","{'value': '', 'creator': '', 'last_set': 0}"
C060EKR4EMN,tto_info,1696439030,U03LCGL1GK0,False,False,"['U03LCGL1GK0', 'U03LK3AD1V1', 'U03LK551XFU', 'U03M8TBLWTA', 'U05A7HE11LP', 'U05A7HE5MTR', 'U05A7HEBCDV', 'U05AFDTJEUW', 'U05AFDU878E', 'U05AN0097RR', 'U05AQGJMMT6', 'U05AQGJRCNQ', 'U05BBQD8SKS', 'U05BBQG6MKJ', 'U05BBQG8FTJ', 'U05DD0QU5MK', 'U05DW80RSQM', 'U05GZPFBQ7Q', 'U05H6A4184T', 'U05HK2S6TLZ']","[{'id': '1696439263.769409', 'type': 'C', 'created': 1696439276, 'user': 'U03LCGL1GK0', 'owner': 'U03LCGL1GK0'}, {'id': '1697474742.759179', 'type': 'C', 'created': 1697474748, 'user': 'U03LCGL1GK0', 'owner': 'U03LCGL1GK0'}]","{'value': '', 'creator': '', 'last_set': 0}","{'value': 'This channel provides information to BYU MBA students who are interested in working with the Technology Transfer Office (TTO).', 'creator': 'U03LCGL1GK0', 'last_set': 1698094060}"
C060FD0AVPW,swell_class_winter24,1696880595,U03LXQLBGCR,False,False,"['U03L4GP8ZMM', 'U03LCGQP0LW', 'U03LG7C5QAH', 'U03LG7C9P8V', 'U03LG7DG3TP', 'U03LGTR0KV3', 'U03LK39EPB5', 'U03LK39LQ2F', 'U03LK3D5N2X', 'U03LK533VR8', 'U03LKPRD403', 'U03LMGTRFN0', 'U03LXQCEVKK', 'U03LXQFQS3B', 'U03LXQFU5SM', 'U03LXQLBGCR', 'U03LYFFN24R', 'U03M8T51VUY', 'U03M8T9K6SU', 'U03M8TBLWTA', 'U03PKR5GQUQ', 'U03TVL5QZFA', 'U05A7HCQPDM', 'U05AFDRH8AJ', 'U05AN01UD1R', 'U05B0NHD3LZ', 'U05BBQD8SKS', 'U05BBQDP59N', 'U05BBQG6MKJ', 'U05BBQG8FTJ', 'U05H8SL2HFE', 'U05HK2SC7SM']",,"{'value': '', 'creator': '', 'last_set': 0}","{'value': '', 'creator': '', 'last_set': 0}"
C060LL8AD26,techtrek-ben-dal-2023,1696993464,U03LK39PKRR,False,False,"['U0171LXH940', 'U023GGYV37G', 'U03L4GP8ZMM', 'U03LCGQP0LW', 'U03LK39PKRR', 'U03LK4YF3A6', 'U03LN7VEH2Q', 'U03LXQFQS3B', 'U03PKR5881E', 'U05AK5GQJ5B', 'U05B0NFT057', 'U05BBQDP59N', 'U05BBQFJ056', 'U05GZPFH7SA', 'U05HK2SC7SM']",,"{'value': '', 'creator': '', 'last_set': 0}","{'value': 'Organizing lodging and transportation for the Bentonville-Dallas Tech Trek 2023', 'creator': 'U03LK39PKRR', 'last_set': 1696993506}"
C060X0FSL3G,y-hikers,1697224050,U03LK4YF3A6,False,False,"['U03LK39PKRR', 'U03LK4YBK7C', 'U03LK4YF3A6', 'U03LXQCM22D', 'U03PKR5881E', 'U05AFDSCK4N', 'U05AN3TCTSN', 'U05B0NHD3LZ', 'U05GZPF8ZGW']",,"{'value': '', 'creator': '', 'last_set': 0}","{'value': '', 'creator': '', 'last_set': 0}"
C06138J3GTA,nw-tech-trip-november2023,1696907643,U05AQGJMMT6,False,False,"['U01ADTASMMZ', 'U03L4GN325D', 'U03LXQE14NM', 'U03M8T6EJ8G', 'U03M8TBLWTA', 'U03PKR5GQUQ', 'U03TVL5E0M6', 'U05A7HCQPDM', 'U05A7HD4XE3', 'U05AFDRFJ3Y', 'U05AFDTJEUW', 'U05AK5FTUSZ', 'U05AK5HTE77', 'U05AMVCTLRZ', 'U05AN02C0E7', 'U05AN3R7398', 'U05AN3TCTSN', 'U05AQGJ30BE', 'U05AQGJMMT6', 'U05AQGJRCNQ', 'U05B0NFQNHX', 'U05B0NHD3LZ', 'U05B0NHGDG9', 'U05BBQD8SKS', 'U05BBQEGSL8', 'U05BBQEJNTA', 'U05BBQG8FTJ', 'U05D98WS6FQ', 'U05DW80RSQM', 'U05GZPF8ZGW', 'U05GZPFH7SA', 'U05HK2S6TLZ', 'U05MZL0CBF0']",,"{'value': '', 'creator': '', 'last_set': 0}","{'value': 'Channel to discuss cheap flights, Airbnb arrangements, party plans or to talk about the weather.\n\nHere is the confirmed sheet.\n<https://docs.google.com/spreadsheets/d/12v8svxvLnlEvai_4E1zCQRljR5j4dTm8wa3W41EoohQ/edit#gid=0>', 'creator': 'U05AQGJMMT6', 'last_set': 1697937780}"
C061ESK6JBB,acquisition-info-session-and-competition,1697208537,U03LKPR602X,False,False,"['U03L4GT3B55', 'U03L57R4HN3', 'U03LCGM9XML', 'U03LG75NYSZ', 'U03LG776WFP', 'U03LK3EKMNF', 'U03LK5045V0', 'U03LK551XFU', 'U03LKPR602X', 'U03LMGV8Y12', 'U03LN7V9M0U', 'U03LXQCEVKK', 'U03M8T8358Q', 'U03M8TBLWTA', 'U03NW11HA9H', 'U03PKR5GQUQ', 'U03SZAWQBM4', 'U05A7HC8FF1', 'U05A7HE11LP', 'U05A7HE5MTR', 'U05AK5HTE77', 'U05AMVCV3RR', 'U05AN01UD1R', 'U05B0NFJ1S5', 'U05B0NHD3LZ', 'U05DD0R0XHB', 'U05DFU87M98', 'U05DJBMDG0L', 'U05DUHAKG8Z', 'U05H6A4184T', 'U05HK2S6TLZ']",,"{'value': '', 'creator': '', 'last_set': 0}","{'value': '', 'creator': '', 'last_set': 0}"
C062EFEMVRN,thinktank_fall2023,1697649458,U05A7HE5MTR,False,False,"['U05A7HE11LP', 'U05A7HE5MTR', 'U05AK5GQJ5B', 'U05B0NFJ1S5', 'U05BBQDA9K2', 'U05DJBMDG0L', 'U05GZPFMAA2', 'U05H6A4184T', 'U05HK2S6TLZ', 'U05MZL07Q78', 'U05MZL0CBF0', 'U05MZL0EKHU']",,"{'value': '', 'creator': '', 'last_set': 0}","{'value': '', 'creator': '', 'last_set': 0}"
C063UN99T9P,christmas-choir-2023,1698696138,U03LK5045V0,False,False,"['U03L4GQK4KZ', 'U03L4GUGBF1', 'U03LCGM9XML', 'U03LK4YF3A6', 'U03LK5045V0', 'U03LMGSGBQC', 'U03LXQLBGCR', 'U05A7HE11LP', 'U05AK5GQJ5B', 'U05AN3RPDFU', 'U05B0NFT057', 'U05BBQG6MKJ', 'U05BBQG8FTJ', 'U05GRT17A87', 'U05H8SL2HFE', 'U05M4TRTJHY', 'U05MZL07Q78', 'U05MZL0DLVC']",,"{'value': '', 'creator': '', 'last_set': 0}","{'value': '', 'creator': '', 'last_set': 0}"
